customer_id,customer_name,email,city,state,signup_date,customer_segment
1,Customer_0001,customer0001@example.com,Bengaluru,Karnataka,2025-10-08,Consumer
2,Customer_0002,customer0002@example.com,Kochi,Kerala,2025-06-08,Consumer
3,Customer_0003,customer0003@example.com,Lucknow,Uttar Pradesh,2024-08-08,Corporate
4,Customer_0004,customer0004@example.com,Kolkata,West Bengal,2026-02-18,Consumer
5,Customer_0005,customer0005@example.com,Kolkata,West Bengal,2022-08-07,Premium
6,Customer_0006,customer0006@example.com,Patna,Bihar,2026-04-18,Consumer
7,Customer_0007,customer0007@example.com,Bengaluru,Karnataka,2025-12-18,SMB
8,Customer_0008,customer0008@example.com,Lucknow,Uttar Pradesh,2024-05-07,Consumer
9,Customer_0009,customer0009@example.com,Chennai,Tamil Nadu,2025-06-02,Corporate
10,Customer_0010,customer0010@example.com,Bengaluru,Karnataka,2024-06-05,Corporate
11,Customer_0011,customer0011@example.com,Jaipur,Rajasthan,2023-04-03,Consumer
12,Customer_0012,customer0012@example.com,Visakhapatnam,Andhra Pradesh,2025-09-24,Premium
13,Customer_0013,customer0013@example.com,Bhopal,Madhya Pradesh,2023-02-23,Consumer
14,Customer_0014,customer0014@example.com,Kochi,Kerala,2023-06-20,Consumer
15,Customer_0015,customer0015@example.com,Bhopal,Madhya Pradesh,2024-06-03,Corporate
16,Customer_0016,customer0016@example.com,Kochi,Kerala,2025-11-27,SMB
17,Customer_0017,customer0017@example.com,Jaipur,Rajasthan,2023-10-16,Consumer
18,Customer_0018,customer0018@example.com,Mumbai,Maharashtra,2024-04-21,Consumer
19,Customer_0019,customer0019@example.com,Surat,Gujarat,2022-03-12,SMB
20,Customer_0020,customer0020@example.com,Ahmedabad,Gujarat,2022-07-17,SMB
21,Customer_0021,customer0021@example.com,Jaipur,Rajasthan,2022-04-06,Premium
22,Customer_0022,customer0022@example.com,Gurugram,Haryana,2022-05-03,Corporate
23,Customer_0023,customer0023@example.com,Pune,Maharashtra,2026-01-19,Corporate
24,Customer_0024,customer0024@example.com,Bhubaneswar,Odisha,2025-12-04,Consumer
25,Customer_0025,customer0025@example.com,Kochi,Kerala,2025-10-31,Premium
26,Customer_0026,customer0026@example.com,Nagpur,Maharashtra,2022-04-05,Consumer
27,Customer_0027,customer0027@example.com,Kolkata,West Bengal,2022-05-13,SMB
28,Customer_0028,customer0028@example.com,Surat,Gujarat,2023-04-23,Consumer
29,Customer_0029,customer0029@example.com,Jaipur,Rajasthan,2024-08-20,Corporate
30,Customer_0030,customer0030@example.com,Kolkata,West Bengal,2023-07-24,SMB
31,Customer_0031,customer0031@example.com,Ahmedabad,Gujarat,2024-04-10,Corporate
32,Customer_0032,customer0032@example.com,Chennai,Tamil Nadu,2022-10-22,Premium
33,Customer_0033,customer0033@example.com,Bengaluru,Karnataka,2025-05-29,Consumer
34,Customer_0034,customer0034@example.com,Indore,Madhya Pradesh,2023-06-19,Corporate
35,Customer_0035,customer0035@example.com,Patna,Bihar,2022-04-24,Consumer
36,Customer_0036,customer0036@example.com,Bengaluru,Karnataka,2025-06-18,Consumer
37,Customer_0037,customer0037@example.com,Patna,Bihar,2026-03-18,Consumer
38,Customer_0038,customer0038@example.com,Surat,Gujarat,2022-01-26,Consumer
39,Customer_0039,customer0039@example.com,Delhi,Delhi,2024-01-14,Consumer
40,Customer_0040,customer0040@example.com,Nagpur,Maharashtra,2025-11-09,Corporate
41,Customer_0041,customer0041@example.com,Pune,Maharashtra,2025-04-17,Corporate
42,Customer_0042,customer0042@example.com,Kochi,Kerala,2025-12-29,Corporate
43,Customer_0043,customer0043@example.com,Bhopal,Madhya Pradesh,2023-12-09,Consumer
44,Customer_0044,customer0044@example.com,Gurugram,Haryana,2023-09-26,Consumer
45,Customer_0045,customer0045@example.com,Bengaluru,Karnataka,2025-04-22,Consumer
46,Customer_0046,customer0046@example.com,Visakhapatnam,Andhra Pradesh,2022-09-19,SMB
47,Customer_0047,customer0047@example.com,Kolkata,West Bengal,2023-02-12,SMB
48,Customer_0048,customer0048@example.com,Patna,Bihar,2024-10-20,Consumer
49,Customer_0049,customer0049@example.com,Lucknow,Uttar Pradesh,2025-02-12,Corporate
50,Customer_0050,customer0050@example.com,Kochi,Kerala,2022-07-23,Consumer
51,Customer_0051,customer0051@example.com,Kochi,Kerala,2024-05-15,Consumer
52,Customer_0052,customer0052@example.com,Pune,Maharashtra,2023-09-14,Consumer
53,Customer_0053,customer0053@example.com,Gurugram,Haryana,2024-05-04,Consumer
54,Customer_0054,customer0054@example.com,Ahmedabad,Gujarat,2026-06-21,Corporate
55,Customer_0055,customer0055@example.com,Ahmedabad,Gujarat,2022-05-11,Premium
56,Customer_0056,customer0056@example.com,Hyderabad,Telangana,2026-08-23,Consumer
57,Customer_0057,customer0057@example.com,Jaipur,Rajasthan,2024-02-05,Corporate
58,Customer_0058,customer0058@example.com,Pune,Maharashtra,2025-08-07,SMB
59,Customer_0059,customer0059@example.com,Bhopal,Madhya Pradesh,2023-12-24,Premium
60,Customer_0060,customer0060@example.com,Lucknow,Uttar Pradesh,2023-06-14,Corporate
61,Customer_0061,customer0061@example.com,Bhubaneswar,Odisha,2025-08-05,Consumer
62,Customer_0062,customer0062@example.com,Bhopal,Madhya Pradesh,2025-03-17,Corporate
63,Customer_0063,customer0063@example.com,Gurugram,Haryana,2022-09-03,Consumer
64,Customer_0064,customer0064@example.com,Visakhapatnam,Andhra Pradesh,2025-04-16,Premium
65,Customer_0065,customer0065@example.com,Kolkata,West Bengal,2025-07-06,Consumer
66,Customer_0066,customer0066@example.com,Noida,Uttar Pradesh,2023-10-23,SMB
67,Customer_0067,customer0067@example.com,Bhubaneswar,Odisha,2026-04-26,Consumer
68,Customer_0068,customer0068@example.com,Gurugram,Haryana,2024-12-27,Consumer
69,Customer_0069,customer0069@example.com,Bengaluru,Karnataka,2023-07-23,SMB
70,Customer_0070,customer0070@example.com,Ahmedabad,Gujarat,2022-01-19,Corporate
71,Customer_0071,customer0071@example.com,Kochi,Kerala,2025-02-23,Consumer
72,Customer_0072,customer0072@example.com,Pune,Maharashtra,2022-12-23,Premium
73,Customer_0073,customer0073@example.com,Ahmedabad,Gujarat,2025-07-12,SMB
74,Customer_0074,customer0074@example.com,Mumbai,Maharashtra,2024-06-13,Consumer
75,Customer_0075,customer0075@example.com,Lucknow,Uttar Pradesh,2024-03-05,Corporate
76,Customer_0076,customer0076@example.com,Ahmedabad,Gujarat,2022-10-06,Corporate
77,Customer_0077,customer0077@example.com,Noida,Uttar Pradesh,2025-04-26,Corporate
78,Customer_0078,customer0078@example.com,Chennai,Tamil Nadu,2022-10-10,Consumer
79,Customer_0079,customer0079@example.com,Indore,Madhya Pradesh,2023-12-13,Consumer
80,Customer_0080,customer0080@example.com,Lucknow,Uttar Pradesh,2025-11-25,Premium
81,Customer_0081,customer0081@example.com,Bhubaneswar,Odisha,2026-04-17,Premium
82,Customer_0082,customer0082@example.com,Kolkata,West Bengal,2026-08-12,SMB
83,Customer_0083,customer0083@example.com,Pune,Maharashtra,2026-06-20,Premium
84,Customer_0084,customer0084@example.com,Surat,Gujarat,2024-08-04,SMB
85,Customer_0085,customer0085@example.com,Nagpur,Maharashtra,2022-12-08,SMB
86,Customer_0086,customer0086@example.com,Bhopal,Madhya Pradesh,2025-11-29,SMB
87,Customer_0087,customer0087@example.com,Bengaluru,Karnataka,2025-09-27,Corporate
88,Customer_0088,customer0088@example.com,Noida,Uttar Pradesh,2026-08-14,Consumer
89,Customer_0089,customer0089@example.com,Kochi,Kerala,2025-01-13,Consumer
90,Customer_0090,customer0090@example.com,Surat,Gujarat,2022-08-30,Corporate
91,Customer_0091,customer0091@example.com,Kolkata,West Bengal,2024-05-06,Consumer
92,Customer_0092,customer0092@example.com,Surat,Gujarat,2024-02-03,Consumer
93,Customer_0093,customer0093@example.com,Surat,Gujarat,2025-12-06,Corporate
94,Customer_0094,customer0094@example.com,Gurugram,Haryana,2023-10-31,Consumer
95,Customer_0095,customer0095@example.com,Patna,Bihar,2023-07-14,Consumer
96,Customer_0096,customer0096@example.com,Delhi,Delhi,2022-05-17,SMB
97,Customer_0097,customer0097@example.com,Chennai,Tamil Nadu,2025-11-23,SMB
98,Customer_0098,customer0098@example.com,Lucknow,Uttar Pradesh,2025-07-10,Consumer
99,Customer_0099,customer0099@example.com,Nagpur,Maharashtra,2022-03-12,Consumer
100,Customer_0100,customer0100@example.com,Mumbai,Maharashtra,2024-01-09,Consumer
101,Customer_0101,customer0101@example.com,Surat,Gujarat,2024-03-27,SMB
102,Customer_0102,customer0102@example.com,Pune,Maharashtra,2024-03-10,SMB
103,Customer_0103,customer0103@example.com,Surat,Gujarat,2026-04-14,Consumer
104,Customer_0104,customer0104@example.com,Hyderabad,Telangana,2022-09-14,SMB
105,Customer_0105,customer0105@example.com,Kochi,Kerala,2023-06-06,Consumer
106,Customer_0106,customer0106@example.com,Kochi,Kerala,2022-11-05,Consumer
107,Customer_0107,customer0107@example.com,Kochi,Kerala,2023-02-20,Premium
108,Customer_0108,customer0108@example.com,Lucknow,Uttar Pradesh,2026-03-25,Consumer
109,Customer_0109,customer0109@example.com,Ahmedabad,Gujarat,2026-05-22,Consumer
110,Customer_0110,customer0110@example.com,Bhopal,Madhya Pradesh,2022-03-18,Consumer
111,Customer_0111,customer0111@example.com,Delhi,Delhi,2024-12-12,Corporate
112,Customer_0112,customer0112@example.com,Kochi,Kerala,2023-02-01,Premium
113,Customer_0113,customer0113@example.com,Indore,Madhya Pradesh,2022-11-24,Premium
114,Customer_0114,customer0114@example.com,Ahmedabad,Gujarat,2023-05-13,Consumer
115,Customer_0115,customer0115@example.com,Jaipur,Rajasthan,2022-11-28,Consumer
116,Customer_0116,customer0116@example.com,Indore,Madhya Pradesh,2024-04-14,SMB
117,Customer_0117,customer0117@example.com,Hyderabad,Telangana,2026-08-23,Consumer
118,Customer_0118,customer0118@example.com,Mumbai,Maharashtra,2024-09-25,SMB
119,Customer_0119,customer0119@example.com,Chennai,Tamil Nadu,2025-05-16,Corporate
120,Customer_0120,customer0120@example.com,Mumbai,Maharashtra,2024-04-20,Consumer
121,Customer_0121,customer0121@example.com,Kolkata,West Bengal,2022-01-24,SMB
122,Customer_0122,customer0122@example.com,Lucknow,Uttar Pradesh,2022-05-24,Consumer
123,Customer_0123,customer0123@example.com,Lucknow,Uttar Pradesh,2023-04-03,Consumer
124,Customer_0124,customer0124@example.com,Ahmedabad,Gujarat,2023-02-19,Corporate
125,Customer_0125,customer0125@example.com,Patna,Bihar,2025-12-02,Corporate
126,Customer_0126,customer0126@example.com,Indore,Madhya Pradesh,2025-12-07,SMB
127,Customer_0127,customer0127@example.com,Bengaluru,Karnataka,2025-12-25,Corporate
128,Customer_0128,customer0128@example.com,Kochi,Kerala,2024-12-21,Premium
129,Customer_0129,customer0129@example.com,Indore,Madhya Pradesh,2024-08-05,Premium
130,Customer_0130,customer0130@example.com,Nagpur,Maharashtra,2025-01-10,Corporate
131,Customer_0131,customer0131@example.com,Indore,Madhya Pradesh,2023-11-24,Consumer
132,Customer_0132,customer0132@example.com,Indore,Madhya Pradesh,2025-02-15,SMB
133,Customer_0133,customer0133@example.com,Bengaluru,Karnataka,2025-09-14,Premium
134,Customer_0134,customer0134@example.com,Indore,Madhya Pradesh,2025-07-23,Consumer
135,Customer_0135,customer0135@example.com,Kochi,Kerala,2024-11-11,Consumer
136,Customer_0136,customer0136@example.com,Noida,Uttar Pradesh,2022-04-09,Consumer
137,Customer_0137,customer0137@example.com,Nagpur,Maharashtra,2025-05-19,Consumer
138,Customer_0138,customer0138@example.com,Hyderabad,Telangana,2023-09-17,Corporate
139,Customer_0139,customer0139@example.com,Noida,Uttar Pradesh,2025-06-20,Consumer
140,Customer_0140,customer0140@example.com,Kolkata,West Bengal,2024-07-07,SMB
141,Customer_0141,customer0141@example.com,Visakhapatnam,Andhra Pradesh,2026-02-09,SMB
142,Customer_0142,customer0142@example.com,Chennai,Tamil Nadu,2023-07-31,SMB
143,Customer_0143,customer0143@example.com,Delhi,Delhi,2026-05-06,Consumer
144,Customer_0144,customer0144@example.com,Kolkata,West Bengal,2025-12-09,Consumer
145,Customer_0145,customer0145@example.com,Visakhapatnam,Andhra Pradesh,2023-07-18,SMB
146,Customer_0146,customer0146@example.com,Patna,Bihar,2024-04-01,SMB
147,Customer_0147,customer0147@example.com,Hyderabad,Telangana,2024-06-23,Corporate
148,Customer_0148,customer0148@example.com,Chennai,Tamil Nadu,2025-08-01,SMB
149,Customer_0149,customer0149@example.com,Surat,Gujarat,2025-03-19,Consumer
150,Customer_0150,customer0150@example.com,Bengaluru,Karnataka,2025-12-21,SMB
151,Customer_0151,customer0151@example.com,Patna,Bihar,2023-09-22,Consumer
152,Customer_0152,customer0152@example.com,Delhi,Delhi,2024-05-09,Consumer
153,Customer_0153,customer0153@example.com,Bhubaneswar,Odisha,2024-01-04,Corporate
154,Customer_0154,customer0154@example.com,Delhi,Delhi,2026-03-29,Consumer
155,Customer_0155,customer0155@example.com,Kolkata,West Bengal,2023-06-04,Consumer
156,Customer_0156,customer0156@example.com,Lucknow,Uttar Pradesh,2024-09-26,Consumer
157,Customer_0157,customer0157@example.com,Mumbai,Maharashtra,2022-07-24,Consumer
158,Customer_0158,customer0158@example.com,Indore,Madhya Pradesh,2025-12-19,SMB
159,Customer_0159,customer0159@example.com,Jaipur,Rajasthan,2023-10-17,Consumer
160,Customer_0160,customer0160@example.com,Kochi,Kerala,2023-08-04,Corporate
161,Customer_0161,customer0161@example.com,Visakhapatnam,Andhra Pradesh,2024-09-19,SMB
162,Customer_0162,customer0162@example.com,Lucknow,Uttar Pradesh,2024-04-29,Consumer
163,Customer_0163,customer0163@example.com,Kolkata,West Bengal,2025-12-15,Consumer
164,Customer_0164,customer0164@example.com,Kolkata,West Bengal,2024-06-23,SMB
165,Customer_0165,customer0165@example.com,Kolkata,West Bengal,2024-05-30,SMB
166,Customer_0166,customer0166@example.com,Surat,Gujarat,2022-06-28,Corporate
167,Customer_0167,customer0167@example.com,Noida,Uttar Pradesh,2022-02-07,SMB
168,Customer_0168,customer0168@example.com,Pune,Maharashtra,2023-11-10,Consumer
169,Customer_0169,customer0169@example.com,Noida,Uttar Pradesh,2026-08-27,Consumer
170,Customer_0170,customer0170@example.com,Hyderabad,Telangana,2026-04-12,SMB
171,Customer_0171,customer0171@example.com,Mumbai,Maharashtra,2024-12-07,Consumer
172,Customer_0172,customer0172@example.com,Bengaluru,Karnataka,2024-12-10,SMB
173,Customer_0173,customer0173@example.com,Kochi,Kerala,2023-10-29,Corporate
174,Customer_0174,customer0174@example.com,Bhopal,Madhya Pradesh,2022-10-30,SMB
175,Customer_0175,customer0175@example.com,Lucknow,Uttar Pradesh,2022-01-15,Consumer
176,Customer_0176,customer0176@example.com,Ahmedabad,Gujarat,2023-08-01,Consumer
177,Customer_0177,customer0177@example.com,Bhopal,Madhya Pradesh,2023-06-23,Consumer
178,Customer_0178,customer0178@example.com,Pune,Maharashtra,2022-11-23,Consumer
179,Customer_0179,customer0179@example.com,Bhubaneswar,Odisha,2023-03-18,SMB
180,Customer_0180,customer0180@example.com,Jaipur,Rajasthan,2022-02-12,Consumer
181,Customer_0181,customer0181@example.com,Bhubaneswar,Odisha,2024-11-01,Consumer
182,Customer_0182,customer0182@example.com,Pune,Maharashtra,2026-04-29,Consumer
183,Customer_0183,customer0183@example.com,Ahmedabad,Gujarat,2025-03-22,Consumer
184,Customer_0184,customer0184@example.com,Lucknow,Uttar Pradesh,2024-02-03,SMB
185,Customer_0185,customer0185@example.com,Ahmedabad,Gujarat,2023-12-17,Consumer
186,Customer_0186,customer0186@example.com,Kolkata,West Bengal,2023-06-08,Premium
187,Customer_0187,customer0187@example.com,Pune,Maharashtra,2022-08-31,Consumer
188,Customer_0188,customer0188@example.com,Gurugram,Haryana,2024-10-16,Corporate
189,Customer_0189,customer0189@example.com,Chennai,Tamil Nadu,2024-08-22,Consumer
190,Customer_0190,customer0190@example.com,Noida,Uttar Pradesh,2022-01-13,Consumer
191,Customer_0191,customer0191@example.com,Lucknow,Uttar Pradesh,2023-12-09,SMB
192,Customer_0192,customer0192@example.com,Nagpur,Maharashtra,2023-04-19,Premium
193,Customer_0193,customer0193@example.com,Nagpur,Maharashtra,2022-10-17,SMB
194,Customer_0194,customer0194@example.com,Gurugram,Haryana,2025-04-12,Consumer
195,Customer_0195,customer0195@example.com,Visakhapatnam,Andhra Pradesh,2024-06-14,Consumer
196,Customer_0196,customer0196@example.com,Bengaluru,Karnataka,2024-12-15,Corporate
197,Customer_0197,customer0197@example.com,Noida,Uttar Pradesh,2025-04-30,Consumer
198,Customer_0198,customer0198@example.com,Mumbai,Maharashtra,2026-07-31,SMB
199,Customer_0199,customer0199@example.com,Noida,Uttar Pradesh,2025-09-29,Corporate
200,Customer_0200,customer0200@example.com,Visakhapatnam,Andhra Pradesh,2024-11-22,Corporate
201,Customer_0201,customer0201@example.com,Gurugram,Haryana,2026-02-05,SMB
202,Customer_0202,customer0202@example.com,Bhubaneswar,Odisha,2024-03-24,SMB
203,Customer_0203,customer0203@example.com,Ahmedabad,Gujarat,2026-08-05,Consumer
204,Customer_0204,customer0204@example.com,Lucknow,Uttar Pradesh,2025-07-20,Consumer
205,Customer_0205,customer0205@example.com,Ahmedabad,Gujarat,2025-01-13,Corporate
206,Customer_0206,customer0206@example.com,Delhi,Delhi,2026-03-19,Corporate
207,Customer_0207,customer0207@example.com,Kochi,Kerala,2024-05-27,Consumer
208,Customer_0208,customer0208@example.com,Visakhapatnam,Andhra Pradesh,2025-05-12,Consumer
209,Customer_0209,customer0209@example.com,Delhi,Delhi,2023-04-30,SMB
210,Customer_0210,customer0210@example.com,Kochi,Kerala,2026-06-29,SMB
211,Customer_0211,customer0211@example.com,Delhi,Delhi,2024-11-27,Corporate
212,Customer_0212,customer0212@example.com,Bhopal,Madhya Pradesh,2025-08-24,Consumer
213,Customer_0213,customer0213@example.com,Kochi,Kerala,2024-02-24,Consumer
214,Customer_0214,customer0214@example.com,Kolkata,West Bengal,2026-01-16,Corporate
215,Customer_0215,customer0215@example.com,Bhopal,Madhya Pradesh,2022-05-07,Consumer
216,Customer_0216,customer0216@example.com,Delhi,Delhi,2022-07-14,Corporate
217,Customer_0217,customer0217@example.com,Bengaluru,Karnataka,2024-05-13,Corporate
218,Customer_0218,customer0218@example.com,Bengaluru,Karnataka,2025-06-01,Consumer
219,Customer_0219,customer0219@example.com,Kolkata,West Bengal,2025-10-10,Consumer
220,Customer_0220,customer0220@example.com,Bhubaneswar,Odisha,2024-01-20,Consumer
221,Customer_0221,customer0221@example.com,Mumbai,Maharashtra,2025-01-11,SMB
222,Customer_0222,customer0222@example.com,Ahmedabad,Gujarat,2024-07-30,Corporate
223,Customer_0223,customer0223@example.com,Bhopal,Madhya Pradesh,2026-06-26,Consumer
224,Customer_0224,customer0224@example.com,Chennai,Tamil Nadu,2025-01-18,SMB
225,Customer_0225,customer0225@example.com,Bhopal,Madhya Pradesh,2023-12-11,Consumer
226,Customer_0226,customer0226@example.com,Noida,Uttar Pradesh,2026-07-10,Consumer
227,Customer_0227,customer0227@example.com,Surat,Gujarat,2022-07-02,Premium
228,Customer_0228,customer0228@example.com,Indore,Madhya Pradesh,2026-08-04,Consumer
229,Customer_0229,customer0229@example.com,Jaipur,Rajasthan,2022-09-20,Consumer
230,Customer_0230,customer0230@example.com,Pune,Maharashtra,2023-05-06,Corporate
231,Customer_0231,customer0231@example.com,Ahmedabad,Gujarat,2025-10-30,Consumer
232,Customer_0232,customer0232@example.com,Patna,Bihar,2025-06-03,Corporate
233,Customer_0233,customer0233@example.com,Hyderabad,Telangana,2026-07-11,Consumer
234,Customer_0234,customer0234@example.com,Kochi,Kerala,2025-07-01,Consumer
235,Customer_0235,customer0235@example.com,Ahmedabad,Gujarat,2024-12-20,Consumer
236,Customer_0236,customer0236@example.com,Bhopal,Madhya Pradesh,2023-08-14,Consumer
237,Customer_0237,customer0237@example.com,Lucknow,Uttar Pradesh,2022-01-09,Consumer
238,Customer_0238,customer0238@example.com,Kolkata,West Bengal,2022-07-30,Consumer
239,Customer_0239,customer0239@example.com,Noida,Uttar Pradesh,2023-05-23,SMB
240,Customer_0240,customer0240@example.com,Nagpur,Maharashtra,2022-03-11,Consumer
241,Customer_0241,customer0241@example.com,Mumbai,Maharashtra,2024-05-15,Consumer
242,Customer_0242,customer0242@example.com,Indore,Madhya Pradesh,2025-08-16,Consumer
243,Customer_0243,customer0243@example.com,Bengaluru,Karnataka,2026-06-29,Consumer
244,Customer_0244,customer0244@example.com,Nagpur,Maharashtra,2024-04-13,Consumer
245,Customer_0245,customer0245@example.com,Nagpur,Maharashtra,2026-01-30,Corporate
246,Customer_0246,customer0246@example.com,Bengaluru,Karnataka,2026-08-06,Consumer
247,Customer_0247,customer0247@example.com,Kochi,Kerala,2026-01-04,SMB
248,Customer_0248,customer0248@example.com,Kolkata,West Bengal,2024-03-02,Premium
249,Customer_0249,customer0249@example.com,Kochi,Kerala,2023-07-08,Consumer
250,Customer_0250,customer0250@example.com,Hyderabad,Telangana,2026-07-24,Consumer
251,Customer_0251,customer0251@example.com,Pune,Maharashtra,2023-02-16,Consumer
252,Customer_0252,customer0252@example.com,Ahmedabad,Gujarat,2023-12-02,Corporate
253,Customer_0253,customer0253@example.com,Pune,Maharashtra,2022-05-07,Consumer
254,Customer_0254,customer0254@example.com,Noida,Uttar Pradesh,2025-09-13,SMB
255,Customer_0255,customer0255@example.com,Lucknow,Uttar Pradesh,2025-01-11,SMB
256,Customer_0256,customer0256@example.com,Mumbai,Maharashtra,2022-05-25,SMB
257,Customer_0257,customer0257@example.com,Lucknow,Uttar Pradesh,2023-01-13,Corporate
258,Customer_0258,customer0258@example.com,Mumbai,Maharashtra,2024-08-03,Premium
259,Customer_0259,customer0259@example.com,Pune,Maharashtra,2024-07-09,Consumer
260,Customer_0260,customer0260@example.com,Indore,Madhya Pradesh,2025-09-27,Consumer
261,Customer_0261,customer0261@example.com,Kochi,Kerala,2023-03-30,Consumer
262,Customer_0262,customer0262@example.com,Pune,Maharashtra,2026-04-24,Premium
263,Customer_0263,customer0263@example.com,Delhi,Delhi,2024-01-27,Corporate
264,Customer_0264,customer0264@example.com,Bhubaneswar,Odisha,2025-11-01,SMB
265,Customer_0265,customer0265@example.com,Visakhapatnam,Andhra Pradesh,2023-02-10,Consumer
266,Customer_0266,customer0266@example.com,Indore,Madhya Pradesh,2022-03-04,Premium
267,Customer_0267,customer0267@example.com,Kolkata,West Bengal,2022-04-04,Corporate
268,Customer_0268,customer0268@example.com,Noida,Uttar Pradesh,2023-09-27,Corporate
269,Customer_0269,customer0269@example.com,Nagpur,Maharashtra,2026-06-12,Premium
270,Customer_0270,customer0270@example.com,Indore,Madhya Pradesh,2022-03-24,Consumer
271,Customer_0271,customer0271@example.com,Delhi,Delhi,2023-09-21,Consumer
272,Customer_0272,customer0272@example.com,Hyderabad,Telangana,2022-07-06,Corporate
273,Customer_0273,customer0273@example.com,Pune,Maharashtra,2026-05-06,Consumer
274,Customer_0274,customer0274@example.com,Visakhapatnam,Andhra Pradesh,2025-02-24,Consumer
275,Customer_0275,customer0275@example.com,Kolkata,West Bengal,2025-07-22,Consumer
276,Customer_0276,customer0276@example.com,Ahmedabad,Gujarat,2025-04-29,Consumer
277,Customer_0277,customer0277@example.com,Ahmedabad,Gujarat,2025-01-23,SMB
278,Customer_0278,customer0278@example.com,Kochi,Kerala,2025-08-10,Corporate
279,Customer_0279,customer0279@example.com,Bengaluru,Karnataka,2022-01-14,Consumer
280,Customer_0280,customer0280@example.com,Bengaluru,Karnataka,2026-01-13,Consumer
281,Customer_0281,customer0281@example.com,Delhi,Delhi,2025-06-13,Consumer
282,Customer_0282,customer0282@example.com,Ahmedabad,Gujarat,2025-06-13,Corporate
283,Customer_0283,customer0283@example.com,Lucknow,Uttar Pradesh,2023-11-02,Premium
284,Customer_0284,customer0284@example.com,Ahmedabad,Gujarat,2025-09-25,Premium
285,Customer_0285,customer0285@example.com,Kolkata,West Bengal,2023-10-13,Consumer
286,Customer_0286,customer0286@example.com,Bhubaneswar,Odisha,2022-03-25,Consumer
287,Customer_0287,customer0287@example.com,Pune,Maharashtra,2026-03-27,Consumer
288,Customer_0288,customer0288@example.com,Indore,Madhya Pradesh,2023-02-04,Corporate
289,Customer_0289,customer0289@example.com,Jaipur,Rajasthan,2022-06-23,Consumer
290,Customer_0290,customer0290@example.com,Ahmedabad,Gujarat,2024-11-25,Corporate
291,Customer_0291,customer0291@example.com,Surat,Gujarat,2023-02-02,Corporate
292,Customer_0292,customer0292@example.com,Delhi,Delhi,2026-01-01,Consumer
293,Customer_0293,customer0293@example.com,Visakhapatnam,Andhra Pradesh,2024-01-26,Consumer
294,Customer_0294,customer0294@example.com,Noida,Uttar Pradesh,2022-01-08,Consumer
295,Customer_0295,customer0295@example.com,Jaipur,Rajasthan,2026-06-09,Consumer
296,Customer_0296,customer0296@example.com,Jaipur,Rajasthan,2024-05-26,Consumer
297,Customer_0297,customer0297@example.com,Surat,Gujarat,2023-03-24,SMB
298,Customer_0298,customer0298@example.com,Kolkata,West Bengal,2025-02-27,Consumer
299,Customer_0299,customer0299@example.com,Delhi,Delhi,2024-06-22,Consumer
300,Customer_0300,customer0300@example.com,Hyderabad,Telangana,2022-02-20,Corporate
301,Customer_0301,customer0301@example.com,Gurugram,Haryana,2025-07-17,SMB
302,Customer_0302,customer0302@example.com,Surat,Gujarat,2023-11-15,Consumer
303,Customer_0303,customer0303@example.com,Hyderabad,Telangana,2025-04-06,SMB
304,Customer_0304,customer0304@example.com,Patna,Bihar,2026-03-06,Premium
305,Customer_0305,customer0305@example.com,Jaipur,Rajasthan,2024-11-05,Corporate
306,Customer_0306,customer0306@example.com,Mumbai,Maharashtra,2025-02-17,Corporate
307,Customer_0307,customer0307@example.com,Noida,Uttar Pradesh,2023-03-10,Consumer
308,Customer_0308,customer0308@example.com,Indore,Madhya Pradesh,2023-02-09,Premium
309,Customer_0309,customer0309@example.com,Noida,Uttar Pradesh,2023-12-08,Consumer
310,Customer_0310,customer0310@example.com,Mumbai,Maharashtra,2025-12-23,Premium
311,Customer_0311,customer0311@example.com,Lucknow,Uttar Pradesh,2024-06-11,Corporate
312,Customer_0312,customer0312@example.com,Lucknow,Uttar Pradesh,2023-08-16,Consumer
313,Customer_0313,customer0313@example.com,Mumbai,Maharashtra,2025-12-24,Consumer
314,Customer_0314,customer0314@example.com,Delhi,Delhi,2026-03-18,SMB
315,Customer_0315,customer0315@example.com,Chennai,Tamil Nadu,2023-05-25,Corporate
316,Customer_0316,customer0316@example.com,Lucknow,Uttar Pradesh,2025-04-23,Consumer
317,Customer_0317,customer0317@example.com,Bhopal,Madhya Pradesh,2024-10-02,SMB
318,Customer_0318,customer0318@example.com,Bhopal,Madhya Pradesh,2024-02-04,SMB
319,Customer_0319,customer0319@example.com,Bhubaneswar,Odisha,2022-07-15,Corporate
320,Customer_0320,customer0320@example.com,Kochi,Kerala,2023-04-14,Consumer
321,Customer_0321,customer0321@example.com,Noida,Uttar Pradesh,2024-07-25,Consumer
322,Customer_0322,customer0322@example.com,Mumbai,Maharashtra,2026-02-18,SMB
323,Customer_0323,customer0323@example.com,Nagpur,Maharashtra,2026-01-15,Consumer
324,Customer_0324,customer0324@example.com,Bhubaneswar,Odisha,2022-11-16,SMB
325,Customer_0325,customer0325@example.com,Visakhapatnam,Andhra Pradesh,2025-03-02,Consumer
326,Customer_0326,customer0326@example.com,Chennai,Tamil Nadu,2022-05-25,Corporate
327,Customer_0327,customer0327@example.com,Chennai,Tamil Nadu,2025-02-23,Consumer
328,Customer_0328,customer0328@example.com,Hyderabad,Telangana,2023-08-06,Consumer
329,Customer_0329,customer0329@example.com,Mumbai,Maharashtra,2024-02-06,SMB
330,Customer_0330,customer0330@example.com,Indore,Madhya Pradesh,2025-05-07,Corporate
331,Customer_0331,customer0331@example.com,Jaipur,Rajasthan,2023-12-25,Corporate
332,Customer_0332,customer0332@example.com,Gurugram,Haryana,2025-10-07,Premium
333,Customer_0333,customer0333@example.com,Noida,Uttar Pradesh,2024-06-27,Premium
334,Customer_0334,customer0334@example.com,Surat,Gujarat,2026-08-28,SMB
335,Customer_0335,customer0335@example.com,Ahmedabad,Gujarat,2024-12-22,Consumer
336,Customer_0336,customer0336@example.com,Surat,Gujarat,2023-05-20,Corporate
337,Customer_0337,customer0337@example.com,Visakhapatnam,Andhra Pradesh,2025-08-13,SMB
338,Customer_0338,customer0338@example.com,Noida,Uttar Pradesh,2023-11-26,Consumer
339,Customer_0339,customer0339@example.com,Chennai,Tamil Nadu,2024-06-28,Consumer
340,Customer_0340,customer0340@example.com,Visakhapatnam,Andhra Pradesh,2022-08-22,SMB
341,Customer_0341,customer0341@example.com,Nagpur,Maharashtra,2022-07-23,Corporate
342,Customer_0342,customer0342@example.com,Delhi,Delhi,2024-09-06,Corporate
343,Customer_0343,customer0343@example.com,Nagpur,Maharashtra,2022-11-14,Premium
344,Customer_0344,customer0344@example.com,Jaipur,Rajasthan,2026-08-26,Corporate
345,Customer_0345,customer0345@example.com,Bhubaneswar,Odisha,2025-12-28,Consumer
346,Customer_0346,customer0346@example.com,Delhi,Delhi,2025-04-08,Consumer
347,Customer_0347,customer0347@example.com,Visakhapatnam,Andhra Pradesh,2025-06-05,Consumer
348,Customer_0348,customer0348@example.com,Bhubaneswar,Odisha,2024-10-10,Consumer
349,Customer_0349,customer0349@example.com,Pune,Maharashtra,2022-04-13,SMB
350,Customer_0350,customer0350@example.com,Pune,Maharashtra,2023-10-31,SMB
351,Customer_0351,customer0351@example.com,Jaipur,Rajasthan,2024-04-24,Consumer
352,Customer_0352,customer0352@example.com,Hyderabad,Telangana,2026-04-08,Consumer
353,Customer_0353,customer0353@example.com,Delhi,Delhi,2023-01-09,SMB
354,Customer_0354,customer0354@example.com,Kolkata,West Bengal,2024-04-26,Consumer
355,Customer_0355,customer0355@example.com,Visakhapatnam,Andhra Pradesh,2023-08-09,Corporate
356,Customer_0356,customer0356@example.com,Visakhapatnam,Andhra Pradesh,2022-08-17,Consumer
357,Customer_0357,customer0357@example.com,Pune,Maharashtra,2022-06-25,SMB
358,Customer_0358,customer0358@example.com,Patna,Bihar,2023-09-15,Consumer
359,Customer_0359,customer0359@example.com,Bengaluru,Karnataka,2022-05-21,Corporate
360,Customer_0360,customer0360@example.com,Bhopal,Madhya Pradesh,2022-04-25,Consumer
361,Customer_0361,customer0361@example.com,Surat,Gujarat,2023-08-21,Corporate
362,Customer_0362,customer0362@example.com,Patna,Bihar,2022-12-10,Consumer
363,Customer_0363,customer0363@example.com,Chennai,Tamil Nadu,2024-08-02,Consumer
364,Customer_0364,customer0364@example.com,Patna,Bihar,2022-01-31,Corporate
365,Customer_0365,customer0365@example.com,Mumbai,Maharashtra,2023-05-29,Consumer
366,Customer_0366,customer0366@example.com,Jaipur,Rajasthan,2024-02-11,Consumer
367,Customer_0367,customer0367@example.com,Ahmedabad,Gujarat,2026-06-29,Consumer
368,Customer_0368,customer0368@example.com,Noida,Uttar Pradesh,2024-12-16,Consumer
369,Customer_0369,customer0369@example.com,Hyderabad,Telangana,2026-02-08,Consumer
370,Customer_0370,customer0370@example.com,Kochi,Kerala,2023-08-08,Premium
371,Customer_0371,customer0371@example.com,Noida,Uttar Pradesh,2024-02-05,Consumer
372,Customer_0372,customer0372@example.com,Lucknow,Uttar Pradesh,2023-12-17,SMB
373,Customer_0373,customer0373@example.com,Kolkata,West Bengal,2026-02-20,Premium
374,Customer_0374,customer0374@example.com,Gurugram,Haryana,2026-06-22,Consumer
375,Customer_0375,customer0375@example.com,Patna,Bihar,2026-06-27,Corporate
376,Customer_0376,customer0376@example.com,Bengaluru,Karnataka,2025-07-04,SMB
377,Customer_0377,customer0377@example.com,Bhopal,Madhya Pradesh,2024-05-06,Corporate
378,Customer_0378,customer0378@example.com,Bhopal,Madhya Pradesh,2024-07-10,Consumer
379,Customer_0379,customer0379@example.com,Gurugram,Haryana,2026-07-28,Consumer
380,Customer_0380,customer0380@example.com,Delhi,Delhi,2023-04-30,Consumer
381,Customer_0381,customer0381@example.com,Hyderabad,Telangana,2023-08-14,Corporate
382,Customer_0382,customer0382@example.com,Bhubaneswar,Odisha,2026-03-08,Premium
383,Customer_0383,customer0383@example.com,Bhubaneswar,Odisha,2023-10-20,Premium
384,Customer_0384,customer0384@example.com,Chennai,Tamil Nadu,2023-02-05,Consumer
385,Customer_0385,customer0385@example.com,Hyderabad,Telangana,2024-08-12,SMB
386,Customer_0386,customer0386@example.com,Mumbai,Maharashtra,2023-07-09,Consumer
387,Customer_0387,customer0387@example.com,Bengaluru,Karnataka,2026-02-26,Premium
388,Customer_0388,customer0388@example.com,Surat,Gujarat,2026-03-29,Consumer
389,Customer_0389,customer0389@example.com,Patna,Bihar,2023-06-06,Premium
390,Customer_0390,customer0390@example.com,Pune,Maharashtra,2024-06-20,SMB
391,Customer_0391,customer0391@example.com,Bhopal,Madhya Pradesh,2026-08-03,Consumer
392,Customer_0392,customer0392@example.com,Pune,Maharashtra,2025-06-18,Consumer
393,Customer_0393,customer0393@example.com,Gurugram,Haryana,2023-01-03,SMB
394,Customer_0394,customer0394@example.com,Indore,Madhya Pradesh,2024-10-03,Consumer
395,Customer_0395,customer0395@example.com,Bhopal,Madhya Pradesh,2024-11-21,Corporate
396,Customer_0396,customer0396@example.com,Patna,Bihar,2025-01-17,Premium
397,Customer_0397,customer0397@example.com,Hyderabad,Telangana,2022-02-12,Corporate
398,Customer_0398,customer0398@example.com,Pune,Maharashtra,2025-12-26,Consumer
399,Customer_0399,customer0399@example.com,Delhi,Delhi,2023-02-16,Consumer
400,Customer_0400,customer0400@example.com,Noida,Uttar Pradesh,2023-05-26,Consumer
401,Customer_0401,customer0401@example.com,Visakhapatnam,Andhra Pradesh,2023-07-04,Premium
402,Customer_0402,customer0402@example.com,Kochi,Kerala,2022-10-30,Consumer
403,Customer_0403,customer0403@example.com,Noida,Uttar Pradesh,2022-09-22,Consumer
404,Customer_0404,customer0404@example.com,Visakhapatnam,Andhra Pradesh,2023-08-14,Consumer
405,Customer_0405,customer0405@example.com,Ahmedabad,Gujarat,2026-01-28,Premium
406,Customer_0406,customer0406@example.com,Jaipur,Rajasthan,2022-01-03,Consumer
407,Customer_0407,customer0407@example.com,Kolkata,West Bengal,2023-04-28,SMB
408,Customer_0408,customer0408@example.com,Mumbai,Maharashtra,2022-04-14,SMB
409,Customer_0409,customer0409@example.com,Bhubaneswar,Odisha,2024-08-14,SMB
410,Customer_0410,customer0410@example.com,Hyderabad,Telangana,2023-03-03,Premium
411,Customer_0411,customer0411@example.com,Pune,Maharashtra,2025-09-10,SMB
412,Customer_0412,customer0412@example.com,Chennai,Tamil Nadu,2024-09-23,Premium
413,Customer_0413,customer0413@example.com,Delhi,Delhi,2025-08-27,Consumer
414,Customer_0414,customer0414@example.com,Mumbai,Maharashtra,2024-12-17,SMB
415,Customer_0415,customer0415@example.com,Hyderabad,Telangana,2024-01-17,Corporate
416,Customer_0416,customer0416@example.com,Lucknow,Uttar Pradesh,2026-01-06,Corporate
417,Customer_0417,customer0417@example.com,Visakhapatnam,Andhra Pradesh,2024-03-22,SMB
418,Customer_0418,customer0418@example.com,Mumbai,Maharashtra,2026-06-06,Premium
419,Customer_0419,customer0419@example.com,Delhi,Delhi,2026-08-21,SMB
420,Customer_0420,customer0420@example.com,Jaipur,Rajasthan,2024-09-30,Corporate
421,Customer_0421,customer0421@example.com,Bhubaneswar,Odisha,2025-02-22,Consumer
422,Customer_0422,customer0422@example.com,Lucknow,Uttar Pradesh,2023-03-12,Consumer
423,Customer_0423,customer0423@example.com,Kochi,Kerala,2025-10-19,Consumer
424,Customer_0424,customer0424@example.com,Indore,Madhya Pradesh,2025-02-17,Consumer
425,Customer_0425,customer0425@example.com,Kolkata,West Bengal,2026-03-18,Consumer
426,Customer_0426,customer0426@example.com,Pune,Maharashtra,2023-03-31,Consumer
427,Customer_0427,customer0427@example.com,Patna,Bihar,2025-09-03,SMB
428,Customer_0428,customer0428@example.com,Surat,Gujarat,2024-03-11,Consumer
429,Customer_0429,customer0429@example.com,Hyderabad,Telangana,2022-11-12,Premium
430,Customer_0430,customer0430@example.com,Bhopal,Madhya Pradesh,2022-10-19,Corporate
431,Customer_0431,customer0431@example.com,Bengaluru,Karnataka,2024-08-15,Consumer
432,Customer_0432,customer0432@example.com,Bhopal,Madhya Pradesh,2023-06-29,Consumer
433,Customer_0433,customer0433@example.com,Surat,Gujarat,2022-06-23,Consumer
434,Customer_0434,customer0434@example.com,Mumbai,Maharashtra,2023-12-29,Premium
435,Customer_0435,customer0435@example.com,Kolkata,West Bengal,2025-01-16,Consumer
436,Customer_0436,customer0436@example.com,Mumbai,Maharashtra,2023-06-28,Corporate
437,Customer_0437,customer0437@example.com,Indore,Madhya Pradesh,2026-06-15,Premium
438,Customer_0438,customer0438@example.com,Bhubaneswar,Odisha,2025-08-20,Premium
439,Customer_0439,customer0439@example.com,Bengaluru,Karnataka,2024-05-23,Consumer
440,Customer_0440,customer0440@example.com,Gurugram,Haryana,2026-05-11,Consumer
441,Customer_0441,customer0441@example.com,Visakhapatnam,Andhra Pradesh,2024-01-08,Consumer
442,Customer_0442,customer0442@example.com,Noida,Uttar Pradesh,2022-08-26,Consumer
443,Customer_0443,customer0443@example.com,Mumbai,Maharashtra,2022-03-03,Consumer
444,Customer_0444,customer0444@example.com,Ahmedabad,Gujarat,2026-05-17,Corporate
445,Customer_0445,customer0445@example.com,Jaipur,Rajasthan,2026-06-23,Premium
446,Customer_0446,customer0446@example.com,Lucknow,Uttar Pradesh,2025-06-12,Corporate
447,Customer_0447,customer0447@example.com,Noida,Uttar Pradesh,2022-06-25,Corporate
448,Customer_0448,customer0448@example.com,Visakhapatnam,Andhra Pradesh,2023-05-16,Consumer
449,Customer_0449,customer0449@example.com,Jaipur,Rajasthan,2022-03-11,SMB
450,Customer_0450,customer0450@example.com,Delhi,Delhi,2022-03-29,Corporate
451,Customer_0451,customer0451@example.com,Visakhapatnam,Andhra Pradesh,2023-02-24,SMB
452,Customer_0452,customer0452@example.com,Bhubaneswar,Odisha,2024-09-01,Premium
453,Customer_0453,customer0453@example.com,Ahmedabad,Gujarat,2022-04-22,Consumer
454,Customer_0454,customer0454@example.com,Hyderabad,Telangana,2026-08-04,Consumer
455,Customer_0455,customer0455@example.com,Indore,Madhya Pradesh,2024-02-15,Consumer
456,Customer_0456,customer0456@example.com,Indore,Madhya Pradesh,2023-03-26,Consumer
457,Customer_0457,customer0457@example.com,Mumbai,Maharashtra,2024-05-28,Premium
458,Customer_0458,customer0458@example.com,Nagpur,Maharashtra,2025-09-07,Consumer
459,Customer_0459,customer0459@example.com,Surat,Gujarat,2023-06-17,SMB
460,Customer_0460,customer0460@example.com,Mumbai,Maharashtra,2022-03-22,Corporate
461,Customer_0461,customer0461@example.com,Bhopal,Madhya Pradesh,2022-03-28,Consumer
462,Customer_0462,customer0462@example.com,Mumbai,Maharashtra,2025-12-21,Consumer
463,Customer_0463,customer0463@example.com,Bhopal,Madhya Pradesh,2022-07-10,Corporate
464,Customer_0464,customer0464@example.com,Kolkata,West Bengal,2024-12-18,Corporate
465,Customer_0465,customer0465@example.com,Hyderabad,Telangana,2023-10-17,Consumer
466,Customer_0466,customer0466@example.com,Visakhapatnam,Andhra Pradesh,2025-08-17,Consumer
467,Customer_0467,customer0467@example.com,Pune,Maharashtra,2022-04-14,SMB
468,Customer_0468,customer0468@example.com,Indore,Madhya Pradesh,2026-03-09,Consumer
469,Customer_0469,customer0469@example.com,Pune,Maharashtra,2025-04-04,Premium
470,Customer_0470,customer0470@example.com,Bhubaneswar,Odisha,2024-02-05,Consumer
471,Customer_0471,customer0471@example.com,Bhopal,Madhya Pradesh,2022-12-19,Consumer
472,Customer_0472,customer0472@example.com,Surat,Gujarat,2026-07-23,Corporate
473,Customer_0473,customer0473@example.com,Kolkata,West Bengal,2023-05-30,Corporate
474,Customer_0474,customer0474@example.com,Ahmedabad,Gujarat,2024-04-15,Corporate
475,Customer_0475,customer0475@example.com,Nagpur,Maharashtra,2023-11-03,Consumer
476,Customer_0476,customer0476@example.com,Kochi,Kerala,2023-01-28,Premium
477,Customer_0477,customer0477@example.com,Surat,Gujarat,2023-12-11,Corporate
478,Customer_0478,customer0478@example.com,Hyderabad,Telangana,2022-09-15,Consumer
479,Customer_0479,customer0479@example.com,Lucknow,Uttar Pradesh,2022-01-03,Consumer
480,Customer_0480,customer0480@example.com,Mumbai,Maharashtra,2023-05-09,Consumer
481,Customer_0481,customer0481@example.com,Delhi,Delhi,2022-07-10,Corporate
482,Customer_0482,customer0482@example.com,Surat,Gujarat,2023-12-08,Consumer
483,Customer_0483,customer0483@example.com,Delhi,Delhi,2026-01-09,Corporate
484,Customer_0484,customer0484@example.com,Kochi,Kerala,2022-10-04,Consumer
485,Customer_0485,customer0485@example.com,Ahmedabad,Gujarat,2022-01-03,Premium
486,Customer_0486,customer0486@example.com,Chennai,Tamil Nadu,2022-07-09,Consumer
487,Customer_0487,customer0487@example.com,Noida,Uttar Pradesh,2024-05-15,SMB
488,Customer_0488,customer0488@example.com,Jaipur,Rajasthan,2023-04-14,Consumer
489,Customer_0489,customer0489@example.com,Kochi,Kerala,2024-04-13,Consumer
490,Customer_0490,customer0490@example.com,Nagpur,Maharashtra,2022-02-19,SMB
491,Customer_0491,customer0491@example.com,Bhubaneswar,Odisha,2023-07-22,Corporate
492,Customer_0492,customer0492@example.com,Patna,Bihar,2023-11-30,SMB
493,Customer_0493,customer0493@example.com,Kochi,Kerala,2024-01-05,Consumer
494,Customer_0494,customer0494@example.com,Nagpur,Maharashtra,2024-07-27,Corporate
495,Customer_0495,customer0495@example.com,Delhi,Delhi,2025-08-22,SMB
496,Customer_0496,customer0496@example.com,Kolkata,West Bengal,2024-03-06,Corporate
497,Customer_0497,customer0497@example.com,Mumbai,Maharashtra,2025-12-03,Consumer
498,Customer_0498,customer0498@example.com,Gurugram,Haryana,2024-06-21,Corporate
499,Customer_0499,customer0499@example.com,Bhubaneswar,Odisha,2023-03-20,Corporate
500,Customer_0500,customer0500@example.com,Kolkata,West Bengal,2023-01-26,Premium
501,Customer_0501,customer0501@example.com,Mumbai,Maharashtra,2023-07-04,Consumer
502,Customer_0502,customer0502@example.com,Lucknow,Uttar Pradesh,2024-10-14,Consumer
503,Customer_0503,customer0503@example.com,Visakhapatnam,Andhra Pradesh,2023-02-17,SMB
504,Customer_0504,customer0504@example.com,Patna,Bihar,2026-04-06,Corporate
505,Customer_0505,customer0505@example.com,Delhi,Delhi,2024-03-28,SMB
506,Customer_0506,customer0506@example.com,Ahmedabad,Gujarat,2026-01-10,Consumer
507,Customer_0507,customer0507@example.com,Jaipur,Rajasthan,2025-03-09,Consumer
508,Customer_0508,customer0508@example.com,Chennai,Tamil Nadu,2023-07-22,SMB
509,Customer_0509,customer0509@example.com,Delhi,Delhi,2023-01-24,Consumer
510,Customer_0510,customer0510@example.com,Chennai,Tamil Nadu,2025-06-20,Consumer
511,Customer_0511,customer0511@example.com,Visakhapatnam,Andhra Pradesh,2023-07-18,Corporate
512,Customer_0512,customer0512@example.com,Bhopal,Madhya Pradesh,2023-02-25,SMB
513,Customer_0513,customer0513@example.com,Surat,Gujarat,2026-05-04,SMB
514,Customer_0514,customer0514@example.com,Surat,Gujarat,2024-04-01,Consumer
515,Customer_0515,customer0515@example.com,Visakhapatnam,Andhra Pradesh,2022-03-24,Consumer
516,Customer_0516,customer0516@example.com,Mumbai,Maharashtra,2024-04-22,Premium
517,Customer_0517,customer0517@example.com,Patna,Bihar,2024-02-24,Consumer
518,Customer_0518,customer0518@example.com,Bengaluru,Karnataka,2026-01-11,Consumer
519,Customer_0519,customer0519@example.com,Ahmedabad,Gujarat,2025-04-26,Consumer
520,Customer_0520,customer0520@example.com,Indore,Madhya Pradesh,2022-11-22,Corporate
521,Customer_0521,customer0521@example.com,Gurugram,Haryana,2022-09-14,SMB
522,Customer_0522,customer0522@example.com,Mumbai,Maharashtra,2024-10-24,SMB
523,Customer_0523,customer0523@example.com,Pune,Maharashtra,2022-03-22,SMB
524,Customer_0524,customer0524@example.com,Surat,Gujarat,2023-06-28,Consumer
525,Customer_0525,customer0525@example.com,Noida,Uttar Pradesh,2022-08-24,Consumer
526,Customer_0526,customer0526@example.com,Noida,Uttar Pradesh,2022-02-05,Consumer
527,Customer_0527,customer0527@example.com,Bhubaneswar,Odisha,2026-04-14,Consumer
528,Customer_0528,customer0528@example.com,Mumbai,Maharashtra,2022-06-02,Consumer
529,Customer_0529,customer0529@example.com,Bhubaneswar,Odisha,2022-01-16,Consumer
530,Customer_0530,customer0530@example.com,Bhubaneswar,Odisha,2026-05-08,Consumer
531,Customer_0531,customer0531@example.com,Indore,Madhya Pradesh,2022-11-17,Corporate
532,Customer_0532,customer0532@example.com,Pune,Maharashtra,2025-10-22,SMB
533,Customer_0533,customer0533@example.com,Pune,Maharashtra,2022-02-23,Consumer
534,Customer_0534,customer0534@example.com,Delhi,Delhi,2022-09-19,Corporate
535,Customer_0535,customer0535@example.com,Indore,Madhya Pradesh,2022-07-08,SMB
536,Customer_0536,customer0536@example.com,Pune,Maharashtra,2025-04-17,SMB
537,Customer_0537,customer0537@example.com,Ahmedabad,Gujarat,2024-11-22,SMB
538,Customer_0538,customer0538@example.com,Mumbai,Maharashtra,2024-03-20,Consumer
539,Customer_0539,customer0539@example.com,Jaipur,Rajasthan,2023-02-16,SMB
540,Customer_0540,customer0540@example.com,Hyderabad,Telangana,2022-06-01,Consumer
541,Customer_0541,customer0541@example.com,Bhopal,Madhya Pradesh,2024-08-27,Consumer
542,Customer_0542,customer0542@example.com,Bengaluru,Karnataka,2023-01-28,Consumer
543,Customer_0543,customer0543@example.com,Pune,Maharashtra,2024-10-02,Consumer
544,Customer_0544,customer0544@example.com,Pune,Maharashtra,2025-03-16,Consumer
545,Customer_0545,customer0545@example.com,Surat,Gujarat,2025-12-17,Consumer
546,Customer_0546,customer0546@example.com,Bengaluru,Karnataka,2024-04-21,SMB
547,Customer_0547,customer0547@example.com,Kolkata,West Bengal,2022-01-09,Consumer
548,Customer_0548,customer0548@example.com,Indore,Madhya Pradesh,2023-04-23,Consumer
549,Customer_0549,customer0549@example.com,Jaipur,Rajasthan,2025-12-24,Consumer
550,Customer_0550,customer0550@example.com,Lucknow,Uttar Pradesh,2024-06-27,Consumer
551,Customer_0551,customer0551@example.com,Surat,Gujarat,2024-11-20,Consumer
552,Customer_0552,customer0552@example.com,Gurugram,Haryana,2024-02-19,Consumer
553,Customer_0553,customer0553@example.com,Surat,Gujarat,2022-10-05,Consumer
554,Customer_0554,customer0554@example.com,Noida,Uttar Pradesh,2026-03-08,SMB
555,Customer_0555,customer0555@example.com,Visakhapatnam,Andhra Pradesh,2025-08-09,Premium
556,Customer_0556,customer0556@example.com,Jaipur,Rajasthan,2026-08-22,Corporate
557,Customer_0557,customer0557@example.com,Bhopal,Madhya Pradesh,2025-12-27,Corporate
558,Customer_0558,customer0558@example.com,Patna,Bihar,2023-05-11,SMB
559,Customer_0559,customer0559@example.com,Kochi,Kerala,2023-03-10,Premium
560,Customer_0560,customer0560@example.com,Patna,Bihar,2023-02-28,Corporate
561,Customer_0561,customer0561@example.com,Jaipur,Rajasthan,2026-04-14,SMB
562,Customer_0562,customer0562@example.com,Hyderabad,Telangana,2024-08-06,Premium
563,Customer_0563,customer0563@example.com,Ahmedabad,Gujarat,2024-02-13,SMB
564,Customer_0564,customer0564@example.com,Pune,Maharashtra,2026-07-07,Consumer
565,Customer_0565,customer0565@example.com,Patna,Bihar,2024-10-24,Consumer
566,Customer_0566,customer0566@example.com,Chennai,Tamil Nadu,2026-03-29,Consumer
567,Customer_0567,customer0567@example.com,Chennai,Tamil Nadu,2026-08-04,Consumer
568,Customer_0568,customer0568@example.com,Chennai,Tamil Nadu,2022-05-16,Corporate
569,Customer_0569,customer0569@example.com,Nagpur,Maharashtra,2023-09-08,Consumer
570,Customer_0570,customer0570@example.com,Indore,Madhya Pradesh,2025-06-04,Corporate
571,Customer_0571,customer0571@example.com,Bhubaneswar,Odisha,2025-10-16,Corporate
572,Customer_0572,customer0572@example.com,Kolkata,West Bengal,2022-09-10,SMB
573,Customer_0573,customer0573@example.com,Delhi,Delhi,2023-06-27,Consumer
574,Customer_0574,customer0574@example.com,Hyderabad,Telangana,2024-07-22,Consumer
575,Customer_0575,customer0575@example.com,Hyderabad,Telangana,2025-09-23,SMB
576,Customer_0576,customer0576@example.com,Gurugram,Haryana,2022-07-12,SMB
577,Customer_0577,customer0577@example.com,Bhubaneswar,Odisha,2024-10-20,Premium
578,Customer_0578,customer0578@example.com,Jaipur,Rajasthan,2023-05-20,SMB
579,Customer_0579,customer0579@example.com,Patna,Bihar,2023-01-04,SMB
580,Customer_0580,customer0580@example.com,Mumbai,Maharashtra,2024-05-27,Consumer
581,Customer_0581,customer0581@example.com,Bengaluru,Karnataka,2023-12-07,Consumer
582,Customer_0582,customer0582@example.com,Surat,Gujarat,2024-12-18,Consumer
583,Customer_0583,customer0583@example.com,Mumbai,Maharashtra,2023-06-25,Corporate
584,Customer_0584,customer0584@example.com,Bengaluru,Karnataka,2025-11-03,Premium
585,Customer_0585,customer0585@example.com,Kolkata,West Bengal,2022-05-14,Consumer
586,Customer_0586,customer0586@example.com,Bhubaneswar,Odisha,2026-01-07,Corporate
587,Customer_0587,customer0587@example.com,Lucknow,Uttar Pradesh,2022-02-20,Consumer
588,Customer_0588,customer0588@example.com,Bengaluru,Karnataka,2025-06-07,Consumer
589,Customer_0589,customer0589@example.com,Surat,Gujarat,2023-08-14,Consumer
590,Customer_0590,customer0590@example.com,Surat,Gujarat,2023-10-15,Consumer
591,Customer_0591,customer0591@example.com,Surat,Gujarat,2022-02-02,Premium
592,Customer_0592,customer0592@example.com,Bhubaneswar,Odisha,2025-04-10,Consumer
593,Customer_0593,customer0593@example.com,Chennai,Tamil Nadu,2022-10-09,SMB
594,Customer_0594,customer0594@example.com,Visakhapatnam,Andhra Pradesh,2025-01-27,SMB
595,Customer_0595,customer0595@example.com,Noida,Uttar Pradesh,2025-05-19,Consumer
596,Customer_0596,customer0596@example.com,Surat,Gujarat,2025-12-10,Consumer
597,Customer_0597,customer0597@example.com,Indore,Madhya Pradesh,2025-04-20,SMB
598,Customer_0598,customer0598@example.com,Kochi,Kerala,2023-05-29,Consumer
599,Customer_0599,customer0599@example.com,Nagpur,Maharashtra,2025-06-11,Premium
600,Customer_0600,customer0600@example.com,Nagpur,Maharashtra,2025-11-07,Consumer
601,Customer_0601,customer0601@example.com,Nagpur,Maharashtra,2023-06-25,Corporate
602,Customer_0602,customer0602@example.com,Kochi,Kerala,2022-07-31,SMB
603,Customer_0603,customer0603@example.com,Bhopal,Madhya Pradesh,2026-02-24,Consumer
604,Customer_0604,customer0604@example.com,Mumbai,Maharashtra,2022-09-09,Consumer
605,Customer_0605,customer0605@example.com,Surat,Gujarat,2024-10-08,Premium
606,Customer_0606,customer0606@example.com,Jaipur,Rajasthan,2023-02-07,Consumer
607,Customer_0607,customer0607@example.com,Noida,Uttar Pradesh,2022-08-03,Consumer
608,Customer_0608,customer0608@example.com,Jaipur,Rajasthan,2025-08-15,Consumer
609,Customer_0609,customer0609@example.com,Visakhapatnam,Andhra Pradesh,2022-09-02,Consumer
610,Customer_0610,customer0610@example.com,Patna,Bihar,2025-02-15,SMB
611,Customer_0611,customer0611@example.com,Surat,Gujarat,2025-03-26,SMB
612,Customer_0612,customer0612@example.com,Ahmedabad,Gujarat,2022-04-13,Consumer
613,Customer_0613,customer0613@example.com,Kochi,Kerala,2022-10-22,SMB
614,Customer_0614,customer0614@example.com,Gurugram,Haryana,2025-09-14,Consumer
615,Customer_0615,customer0615@example.com,Lucknow,Uttar Pradesh,2024-05-13,Consumer
616,Customer_0616,customer0616@example.com,Nagpur,Maharashtra,2022-07-26,Corporate
617,Customer_0617,customer0617@example.com,Chennai,Tamil Nadu,2026-08-16,Premium
618,Customer_0618,customer0618@example.com,Delhi,Delhi,2023-03-28,Consumer
619,Customer_0619,customer0619@example.com,Bengaluru,Karnataka,2022-01-07,Consumer
620,Customer_0620,customer0620@example.com,Mumbai,Maharashtra,2026-04-23,Corporate
621,Customer_0621,customer0621@example.com,Kolkata,West Bengal,2022-01-29,SMB
622,Customer_0622,customer0622@example.com,Ahmedabad,Gujarat,2024-07-31,Consumer
623,Customer_0623,customer0623@example.com,Pune,Maharashtra,2026-08-19,Consumer
624,Customer_0624,customer0624@example.com,Kolkata,West Bengal,2024-09-11,SMB
625,Customer_0625,customer0625@example.com,Nagpur,Maharashtra,2024-09-22,Consumer
626,Customer_0626,customer0626@example.com,Chennai,Tamil Nadu,2023-10-24,Consumer
627,Customer_0627,customer0627@example.com,Noida,Uttar Pradesh,2022-08-05,Consumer
628,Customer_0628,customer0628@example.com,Gurugram,Haryana,2024-09-02,Consumer
629,Customer_0629,customer0629@example.com,Jaipur,Rajasthan,2026-03-09,Consumer
630,Customer_0630,customer0630@example.com,Gurugram,Haryana,2022-06-05,SMB
631,Customer_0631,customer0631@example.com,Bhopal,Madhya Pradesh,2026-02-08,Corporate
632,Customer_0632,customer0632@example.com,Noida,Uttar Pradesh,2023-12-08,SMB
633,Customer_0633,customer0633@example.com,Kolkata,West Bengal,2024-07-02,Premium
634,Customer_0634,customer0634@example.com,Gurugram,Haryana,2022-10-09,Consumer
635,Customer_0635,customer0635@example.com,Pune,Maharashtra,2024-11-24,Consumer
636,Customer_0636,customer0636@example.com,Lucknow,Uttar Pradesh,2022-11-07,Premium
637,Customer_0637,customer0637@example.com,Chennai,Tamil Nadu,2023-04-11,Consumer
638,Customer_0638,customer0638@example.com,Delhi,Delhi,2025-05-13,SMB
639,Customer_0639,customer0639@example.com,Kochi,Kerala,2022-03-28,SMB
640,Customer_0640,customer0640@example.com,Bhubaneswar,Odisha,2024-02-01,Consumer
641,Customer_0641,customer0641@example.com,Lucknow,Uttar Pradesh,2024-10-09,Consumer
642,Customer_0642,customer0642@example.com,Bhubaneswar,Odisha,2022-08-13,Consumer
643,Customer_0643,customer0643@example.com,Patna,Bihar,2023-05-17,Consumer
644,Customer_0644,customer0644@example.com,Ahmedabad,Gujarat,2023-08-08,Consumer
645,Customer_0645,customer0645@example.com,Kochi,Kerala,2025-02-04,Consumer
646,Customer_0646,customer0646@example.com,Noida,Uttar Pradesh,2026-07-22,SMB
647,Customer_0647,customer0647@example.com,Ahmedabad,Gujarat,2025-11-25,Premium
648,Customer_0648,customer0648@example.com,Jaipur,Rajasthan,2022-11-20,SMB
649,Customer_0649,customer0649@example.com,Visakhapatnam,Andhra Pradesh,2022-01-31,Consumer
650,Customer_0650,customer0650@example.com,Surat,Gujarat,2022-03-30,Consumer
651,Customer_0651,customer0651@example.com,Ahmedabad,Gujarat,2024-10-11,Consumer
652,Customer_0652,customer0652@example.com,Lucknow,Uttar Pradesh,2022-09-24,Consumer
653,Customer_0653,customer0653@example.com,Chennai,Tamil Nadu,2023-01-29,Premium
654,Customer_0654,customer0654@example.com,Surat,Gujarat,2025-12-14,Consumer
655,Customer_0655,customer0655@example.com,Indore,Madhya Pradesh,2026-01-28,Consumer
656,Customer_0656,customer0656@example.com,Jaipur,Rajasthan,2025-11-29,SMB
657,Customer_0657,customer0657@example.com,Kochi,Kerala,2023-03-08,Consumer
658,Customer_0658,customer0658@example.com,Nagpur,Maharashtra,2024-11-21,Consumer
659,Customer_0659,customer0659@example.com,Bengaluru,Karnataka,2024-11-06,Consumer
660,Customer_0660,customer0660@example.com,Delhi,Delhi,2022-11-12,Corporate
661,Customer_0661,customer0661@example.com,Pune,Maharashtra,2024-07-31,SMB
662,Customer_0662,customer0662@example.com,Bhopal,Madhya Pradesh,2024-06-13,Consumer
663,Customer_0663,customer0663@example.com,Hyderabad,Telangana,2023-11-06,Premium
664,Customer_0664,customer0664@example.com,Chennai,Tamil Nadu,2025-07-04,SMB
665,Customer_0665,customer0665@example.com,Indore,Madhya Pradesh,2025-02-27,SMB
666,Customer_0666,customer0666@example.com,Lucknow,Uttar Pradesh,2024-06-26,Consumer
667,Customer_0667,customer0667@example.com,Jaipur,Rajasthan,2025-05-20,Consumer
668,Customer_0668,customer0668@example.com,Patna,Bihar,2025-07-23,SMB
669,Customer_0669,customer0669@example.com,Bhubaneswar,Odisha,2024-08-23,Consumer
670,Customer_0670,customer0670@example.com,Mumbai,Maharashtra,2023-04-01,Corporate
671,Customer_0671,customer0671@example.com,Visakhapatnam,Andhra Pradesh,2025-07-15,SMB
672,Customer_0672,customer0672@example.com,Nagpur,Maharashtra,2025-05-07,Consumer
673,Customer_0673,customer0673@example.com,Nagpur,Maharashtra,2026-08-02,SMB
674,Customer_0674,customer0674@example.com,Bengaluru,Karnataka,2022-09-13,Premium
675,Customer_0675,customer0675@example.com,Nagpur,Maharashtra,2023-12-16,SMB
676,Customer_0676,customer0676@example.com,Bhopal,Madhya Pradesh,2026-04-23,Consumer
677,Customer_0677,customer0677@example.com,Indore,Madhya Pradesh,2024-05-26,SMB
678,Customer_0678,customer0678@example.com,Bengaluru,Karnataka,2026-05-25,Corporate
679,Customer_0679,customer0679@example.com,Jaipur,Rajasthan,2022-01-22,SMB
680,Customer_0680,customer0680@example.com,Bhubaneswar,Odisha,2022-03-01,SMB
681,Customer_0681,customer0681@example.com,Bhopal,Madhya Pradesh,2025-09-17,SMB
682,Customer_0682,customer0682@example.com,Mumbai,Maharashtra,2023-09-03,Consumer
683,Customer_0683,customer0683@example.com,Visakhapatnam,Andhra Pradesh,2024-06-04,Consumer
684,Customer_0684,customer0684@example.com,Visakhapatnam,Andhra Pradesh,2023-12-30,Consumer
685,Customer_0685,customer0685@example.com,Pune,Maharashtra,2023-11-26,Corporate
686,Customer_0686,customer0686@example.com,Surat,Gujarat,2026-05-19,Corporate
687,Customer_0687,customer0687@example.com,Kolkata,West Bengal,2022-06-10,Corporate
688,Customer_0688,customer0688@example.com,Indore,Madhya Pradesh,2025-08-08,Consumer
689,Customer_0689,customer0689@example.com,Kolkata,West Bengal,2026-02-24,SMB
690,Customer_0690,customer0690@example.com,Kochi,Kerala,2025-01-24,Premium
691,Customer_0691,customer0691@example.com,Visakhapatnam,Andhra Pradesh,2023-11-04,Consumer
692,Customer_0692,customer0692@example.com,Kochi,Kerala,2022-09-30,SMB
693,Customer_0693,customer0693@example.com,Bhubaneswar,Odisha,2025-03-08,Corporate
694,Customer_0694,customer0694@example.com,Bhubaneswar,Odisha,2024-03-09,Corporate
695,Customer_0695,customer0695@example.com,Bengaluru,Karnataka,2022-09-12,Consumer
696,Customer_0696,customer0696@example.com,Delhi,Delhi,2023-09-05,SMB
697,Customer_0697,customer0697@example.com,Bhopal,Madhya Pradesh,2026-06-26,Premium
698,Customer_0698,customer0698@example.com,Indore,Madhya Pradesh,2023-03-28,SMB
699,Customer_0699,customer0699@example.com,Bengaluru,Karnataka,2022-10-31,Premium
700,Customer_0700,customer0700@example.com,Bengaluru,Karnataka,2025-03-07,Premium
701,Customer_0701,customer0701@example.com,Jaipur,Rajasthan,2022-12-06,Consumer
702,Customer_0702,customer0702@example.com,Nagpur,Maharashtra,2026-04-16,Corporate
703,Customer_0703,customer0703@example.com,Pune,Maharashtra,2026-01-02,Consumer
704,Customer_0704,customer0704@example.com,Pune,Maharashtra,2026-08-02,Premium
705,Customer_0705,customer0705@example.com,Mumbai,Maharashtra,2026-04-04,Consumer
706,Customer_0706,customer0706@example.com,Indore,Madhya Pradesh,2023-02-20,Consumer
707,Customer_0707,customer0707@example.com,Hyderabad,Telangana,2022-12-28,SMB
708,Customer_0708,customer0708@example.com,Indore,Madhya Pradesh,2023-08-07,Consumer
709,Customer_0709,customer0709@example.com,Ahmedabad,Gujarat,2024-03-11,SMB
710,Customer_0710,customer0710@example.com,Ahmedabad,Gujarat,2026-02-07,Consumer
711,Customer_0711,customer0711@example.com,Lucknow,Uttar Pradesh,2025-06-03,Premium
712,Customer_0712,customer0712@example.com,Jaipur,Rajasthan,2025-01-02,SMB
713,Customer_0713,customer0713@example.com,Bhopal,Madhya Pradesh,2026-02-04,Consumer
714,Customer_0714,customer0714@example.com,Kochi,Kerala,2025-01-04,SMB
715,Customer_0715,customer0715@example.com,Bhubaneswar,Odisha,2023-10-08,Consumer
716,Customer_0716,customer0716@example.com,Kochi,Kerala,2023-12-05,Corporate
717,Customer_0717,customer0717@example.com,Jaipur,Rajasthan,2024-05-30,Corporate
718,Customer_0718,customer0718@example.com,Ahmedabad,Gujarat,2022-06-01,SMB
719,Customer_0719,customer0719@example.com,Chennai,Tamil Nadu,2025-06-17,Consumer
720,Customer_0720,customer0720@example.com,Indore,Madhya Pradesh,2025-01-16,Consumer
721,Customer_0721,customer0721@example.com,Mumbai,Maharashtra,2025-05-30,SMB
722,Customer_0722,customer0722@example.com,Bhubaneswar,Odisha,2024-06-28,Corporate
723,Customer_0723,customer0723@example.com,Surat,Gujarat,2025-08-26,Corporate
724,Customer_0724,customer0724@example.com,Mumbai,Maharashtra,2026-06-06,Consumer
725,Customer_0725,customer0725@example.com,Kochi,Kerala,2024-08-28,Consumer
726,Customer_0726,customer0726@example.com,Mumbai,Maharashtra,2024-01-27,SMB
727,Customer_0727,customer0727@example.com,Bhopal,Madhya Pradesh,2022-06-28,Consumer
728,Customer_0728,customer0728@example.com,Bengaluru,Karnataka,2025-08-19,Consumer
729,Customer_0729,customer0729@example.com,Ahmedabad,Gujarat,2026-03-20,Premium
730,Customer_0730,customer0730@example.com,Lucknow,Uttar Pradesh,2025-04-06,Consumer
731,Customer_0731,customer0731@example.com,Bhopal,Madhya Pradesh,2026-01-14,SMB
732,Customer_0732,customer0732@example.com,Kolkata,West Bengal,2026-01-06,Consumer
733,Customer_0733,customer0733@example.com,Bhubaneswar,Odisha,2025-09-21,SMB
734,Customer_0734,customer0734@example.com,Kochi,Kerala,2024-05-06,SMB
735,Customer_0735,customer0735@example.com,Chennai,Tamil Nadu,2022-06-20,SMB
736,Customer_0736,customer0736@example.com,Lucknow,Uttar Pradesh,2022-01-06,Consumer
737,Customer_0737,customer0737@example.com,Bhopal,Madhya Pradesh,2022-12-15,Corporate
738,Customer_0738,customer0738@example.com,Noida,Uttar Pradesh,2024-01-05,SMB
739,Customer_0739,customer0739@example.com,Bhopal,Madhya Pradesh,2025-06-20,Consumer
740,Customer_0740,customer0740@example.com,Patna,Bihar,2024-02-16,Consumer
741,Customer_0741,customer0741@example.com,Surat,Gujarat,2022-02-09,Consumer
742,Customer_0742,customer0742@example.com,Kochi,Kerala,2022-12-25,Premium
743,Customer_0743,customer0743@example.com,Nagpur,Maharashtra,2026-07-26,SMB
744,Customer_0744,customer0744@example.com,Delhi,Delhi,2026-08-10,Corporate
745,Customer_0745,customer0745@example.com,Kochi,Kerala,2023-10-05,SMB
746,Customer_0746,customer0746@example.com,Gurugram,Haryana,2025-10-02,Corporate
747,Customer_0747,customer0747@example.com,Jaipur,Rajasthan,2025-05-09,Consumer
748,Customer_0748,customer0748@example.com,Noida,Uttar Pradesh,2026-05-05,Consumer
749,Customer_0749,customer0749@example.com,Noida,Uttar Pradesh,2026-02-20,Corporate
750,Customer_0750,customer0750@example.com,Pune,Maharashtra,2024-12-06,Consumer
751,Customer_0751,customer0751@example.com,Visakhapatnam,Andhra Pradesh,2023-11-04,SMB
752,Customer_0752,customer0752@example.com,Mumbai,Maharashtra,2024-12-03,SMB
753,Customer_0753,customer0753@example.com,Bengaluru,Karnataka,2023-06-28,Consumer
754,Customer_0754,customer0754@example.com,Bhubaneswar,Odisha,2023-08-16,Corporate
755,Customer_0755,customer0755@example.com,Indore,Madhya Pradesh,2024-11-02,Consumer
756,Customer_0756,customer0756@example.com,Kolkata,West Bengal,2024-08-31,Premium
757,Customer_0757,customer0757@example.com,Bhopal,Madhya Pradesh,2024-09-16,Premium
758,Customer_0758,customer0758@example.com,Gurugram,Haryana,2023-10-18,Premium
759,Customer_0759,customer0759@example.com,Mumbai,Maharashtra,2023-11-28,Consumer
760,Customer_0760,customer0760@example.com,Bhopal,Madhya Pradesh,2022-01-18,Consumer
761,Customer_0761,customer0761@example.com,Pune,Maharashtra,2024-10-21,Consumer
762,Customer_0762,customer0762@example.com,Indore,Madhya Pradesh,2024-09-07,Consumer
763,Customer_0763,customer0763@example.com,Bhubaneswar,Odisha,2026-05-12,Consumer
764,Customer_0764,customer0764@example.com,Bhubaneswar,Odisha,2024-05-08,Consumer
765,Customer_0765,customer0765@example.com,Gurugram,Haryana,2024-03-07,Premium
766,Customer_0766,customer0766@example.com,Kochi,Kerala,2022-04-26,Consumer
767,Customer_0767,customer0767@example.com,Nagpur,Maharashtra,2022-12-02,Consumer
768,Customer_0768,customer0768@example.com,Ahmedabad,Gujarat,2023-07-30,SMB
769,Customer_0769,customer0769@example.com,Mumbai,Maharashtra,2023-10-05,Corporate
770,Customer_0770,customer0770@example.com,Gurugram,Haryana,2023-09-10,SMB
771,Customer_0771,customer0771@example.com,Lucknow,Uttar Pradesh,2023-11-03,Corporate
772,Customer_0772,customer0772@example.com,Visakhapatnam,Andhra Pradesh,2025-08-02,SMB
773,Customer_0773,customer0773@example.com,Hyderabad,Telangana,2022-08-12,Corporate
774,Customer_0774,customer0774@example.com,Bhopal,Madhya Pradesh,2023-07-20,Corporate
775,Customer_0775,customer0775@example.com,Surat,Gujarat,2022-10-05,SMB
776,Customer_0776,customer0776@example.com,Visakhapatnam,Andhra Pradesh,2023-06-09,Consumer
777,Customer_0777,customer0777@example.com,Kolkata,West Bengal,2025-03-11,Consumer
778,Customer_0778,customer0778@example.com,Mumbai,Maharashtra,2022-03-21,Consumer
779,Customer_0779,customer0779@example.com,Delhi,Delhi,2023-08-02,Consumer
780,Customer_0780,customer0780@example.com,Patna,Bihar,2022-02-10,SMB
781,Customer_0781,customer0781@example.com,Patna,Bihar,2026-06-15,Consumer
782,Customer_0782,customer0782@example.com,Nagpur,Maharashtra,2025-05-23,Consumer
783,Customer_0783,customer0783@example.com,Mumbai,Maharashtra,2023-02-19,Consumer
784,Customer_0784,customer0784@example.com,Mumbai,Maharashtra,2022-12-04,SMB
785,Customer_0785,customer0785@example.com,Ahmedabad,Gujarat,2022-06-18,Consumer
786,Customer_0786,customer0786@example.com,Indore,Madhya Pradesh,2024-03-16,SMB
787,Customer_0787,customer0787@example.com,Hyderabad,Telangana,2025-07-07,SMB
788,Customer_0788,customer0788@example.com,Lucknow,Uttar Pradesh,2024-09-21,Consumer
789,Customer_0789,customer0789@example.com,Jaipur,Rajasthan,2026-02-09,SMB
790,Customer_0790,customer0790@example.com,Hyderabad,Telangana,2023-08-09,Consumer
791,Customer_0791,customer0791@example.com,Bengaluru,Karnataka,2023-04-19,Consumer
792,Customer_0792,customer0792@example.com,Ahmedabad,Gujarat,2024-03-25,SMB
793,Customer_0793,customer0793@example.com,Bhopal,Madhya Pradesh,2022-12-11,Premium
794,Customer_0794,customer0794@example.com,Surat,Gujarat,2026-07-20,Consumer
795,Customer_0795,customer0795@example.com,Kolkata,West Bengal,2022-11-13,Corporate
796,Customer_0796,customer0796@example.com,Delhi,Delhi,2024-03-26,Consumer
797,Customer_0797,customer0797@example.com,Visakhapatnam,Andhra Pradesh,2024-06-07,Corporate
798,Customer_0798,customer0798@example.com,Ahmedabad,Gujarat,2022-04-08,Corporate
799,Customer_0799,customer0799@example.com,Noida,Uttar Pradesh,2024-03-08,Corporate
800,Customer_0800,customer0800@example.com,Kolkata,West Bengal,2024-02-14,Corporate
801,Customer_0801,customer0801@example.com,Hyderabad,Telangana,2023-03-18,Consumer
802,Customer_0802,customer0802@example.com,Noida,Uttar Pradesh,2022-08-06,SMB
803,Customer_0803,customer0803@example.com,Jaipur,Rajasthan,2022-03-18,Corporate
804,Customer_0804,customer0804@example.com,Bhubaneswar,Odisha,2022-01-15,SMB
805,Customer_0805,customer0805@example.com,Bhopal,Madhya Pradesh,2024-03-30,Consumer
806,Customer_0806,customer0806@example.com,Kochi,Kerala,2022-06-02,Consumer
807,Customer_0807,customer0807@example.com,Jaipur,Rajasthan,2026-06-22,Consumer
808,Customer_0808,customer0808@example.com,Mumbai,Maharashtra,2023-02-21,Consumer
809,Customer_0809,customer0809@example.com,Gurugram,Haryana,2025-01-16,Consumer
810,Customer_0810,customer0810@example.com,Visakhapatnam,Andhra Pradesh,2025-02-20,Consumer
811,Customer_0811,customer0811@example.com,Hyderabad,Telangana,2024-04-23,SMB
812,Customer_0812,customer0812@example.com,Patna,Bihar,2026-02-13,Consumer
813,Customer_0813,customer0813@example.com,Lucknow,Uttar Pradesh,2022-07-08,SMB
814,Customer_0814,customer0814@example.com,Delhi,Delhi,2023-02-03,Corporate
815,Customer_0815,customer0815@example.com,Kochi,Kerala,2023-03-06,SMB
816,Customer_0816,customer0816@example.com,Surat,Gujarat,2022-08-19,Consumer
817,Customer_0817,customer0817@example.com,Hyderabad,Telangana,2023-05-18,Corporate
818,Customer_0818,customer0818@example.com,Mumbai,Maharashtra,2023-06-17,Corporate
819,Customer_0819,customer0819@example.com,Lucknow,Uttar Pradesh,2025-07-26,Premium
820,Customer_0820,customer0820@example.com,Visakhapatnam,Andhra Pradesh,2023-05-29,Corporate
821,Customer_0821,customer0821@example.com,Hyderabad,Telangana,2026-02-02,Corporate
822,Customer_0822,customer0822@example.com,Lucknow,Uttar Pradesh,2025-08-08,Corporate
823,Customer_0823,customer0823@example.com,Mumbai,Maharashtra,2026-03-16,SMB
824,Customer_0824,customer0824@example.com,Lucknow,Uttar Pradesh,2022-06-29,Consumer
825,Customer_0825,customer0825@example.com,Nagpur,Maharashtra,2026-08-04,Corporate
826,Customer_0826,customer0826@example.com,Bengaluru,Karnataka,2024-11-11,Corporate
827,Customer_0827,customer0827@example.com,Lucknow,Uttar Pradesh,2026-07-31,Premium
828,Customer_0828,customer0828@example.com,Patna,Bihar,2023-08-28,Corporate
829,Customer_0829,customer0829@example.com,Patna,Bihar,2026-06-11,Consumer
830,Customer_0830,customer0830@example.com,Hyderabad,Telangana,2024-09-29,Premium
831,Customer_0831,customer0831@example.com,Chennai,Tamil Nadu,2022-05-03,Consumer
832,Customer_0832,customer0832@example.com,Chennai,Tamil Nadu,2023-11-30,Consumer
833,Customer_0833,customer0833@example.com,Ahmedabad,Gujarat,2022-08-23,Consumer
834,Customer_0834,customer0834@example.com,Mumbai,Maharashtra,2026-05-22,Consumer
835,Customer_0835,customer0835@example.com,Patna,Bihar,2023-06-03,Consumer
836,Customer_0836,customer0836@example.com,Kochi,Kerala,2023-01-14,Consumer
837,Customer_0837,customer0837@example.com,Surat,Gujarat,2024-07-30,SMB
838,Customer_0838,customer0838@example.com,Pune,Maharashtra,2023-12-26,SMB
839,Customer_0839,customer0839@example.com,Hyderabad,Telangana,2022-06-15,Consumer
840,Customer_0840,customer0840@example.com,Bhubaneswar,Odisha,2025-10-22,Corporate
841,Customer_0841,customer0841@example.com,Delhi,Delhi,2025-12-11,Consumer
842,Customer_0842,customer0842@example.com,Lucknow,Uttar Pradesh,2025-06-19,Premium
843,Customer_0843,customer0843@example.com,Bhubaneswar,Odisha,2024-11-16,Consumer
844,Customer_0844,customer0844@example.com,Hyderabad,Telangana,2023-11-17,Corporate
845,Customer_0845,customer0845@example.com,Hyderabad,Telangana,2024-07-12,Consumer
846,Customer_0846,customer0846@example.com,Hyderabad,Telangana,2024-06-06,Corporate
847,Customer_0847,customer0847@example.com,Pune,Maharashtra,2022-10-09,Consumer
848,Customer_0848,customer0848@example.com,Bengaluru,Karnataka,2022-05-20,SMB
849,Customer_0849,customer0849@example.com,Surat,Gujarat,2023-03-08,Consumer
850,Customer_0850,customer0850@example.com,Nagpur,Maharashtra,2024-02-13,Premium
851,Customer_0851,customer0851@example.com,Visakhapatnam,Andhra Pradesh,2022-10-01,Corporate
852,Customer_0852,customer0852@example.com,Surat,Gujarat,2022-07-01,SMB
853,Customer_0853,customer0853@example.com,Visakhapatnam,Andhra Pradesh,2025-12-21,SMB
854,Customer_0854,customer0854@example.com,Chennai,Tamil Nadu,2023-10-01,Premium
855,Customer_0855,customer0855@example.com,Delhi,Delhi,2024-09-21,Consumer
856,Customer_0856,customer0856@example.com,Surat,Gujarat,2024-06-11,Consumer
857,Customer_0857,customer0857@example.com,Chennai,Tamil Nadu,2025-06-05,Consumer
858,Customer_0858,customer0858@example.com,Bengaluru,Karnataka,2025-06-13,Consumer
859,Customer_0859,customer0859@example.com,Lucknow,Uttar Pradesh,2023-05-20,Corporate
860,Customer_0860,customer0860@example.com,Surat,Gujarat,2025-12-14,Premium
861,Customer_0861,customer0861@example.com,Visakhapatnam,Andhra Pradesh,2023-09-25,Premium
862,Customer_0862,customer0862@example.com,Bhubaneswar,Odisha,2025-11-23,Corporate
863,Customer_0863,customer0863@example.com,Mumbai,Maharashtra,2023-11-21,Corporate
864,Customer_0864,customer0864@example.com,Kochi,Kerala,2022-07-09,SMB
865,Customer_0865,customer0865@example.com,Surat,Gujarat,2025-07-18,Premium
866,Customer_0866,customer0866@example.com,Lucknow,Uttar Pradesh,2022-02-21,Consumer
867,Customer_0867,customer0867@example.com,Surat,Gujarat,2025-08-08,Corporate
868,Customer_0868,customer0868@example.com,Surat,Gujarat,2022-03-15,SMB
869,Customer_0869,customer0869@example.com,Kolkata,West Bengal,2022-12-19,Consumer
870,Customer_0870,customer0870@example.com,Hyderabad,Telangana,2024-10-24,Consumer
871,Customer_0871,customer0871@example.com,Ahmedabad,Gujarat,2026-05-23,Premium
872,Customer_0872,customer0872@example.com,Chennai,Tamil Nadu,2023-11-27,Premium
873,Customer_0873,customer0873@example.com,Mumbai,Maharashtra,2022-07-25,Premium
874,Customer_0874,customer0874@example.com,Mumbai,Maharashtra,2023-02-01,SMB
875,Customer_0875,customer0875@example.com,Lucknow,Uttar Pradesh,2026-03-07,Consumer
876,Customer_0876,customer0876@example.com,Jaipur,Rajasthan,2025-05-22,Consumer
877,Customer_0877,customer0877@example.com,Jaipur,Rajasthan,2022-06-20,Corporate
878,Customer_0878,customer0878@example.com,Bhopal,Madhya Pradesh,2023-10-18,Corporate
879,Customer_0879,customer0879@example.com,Jaipur,Rajasthan,2023-03-27,Corporate
880,Customer_0880,customer0880@example.com,Nagpur,Maharashtra,2022-10-30,Corporate
881,Customer_0881,customer0881@example.com,Bengaluru,Karnataka,2025-12-12,Consumer
882,Customer_0882,customer0882@example.com,Patna,Bihar,2024-11-17,SMB
883,Customer_0883,customer0883@example.com,Kolkata,West Bengal,2022-11-02,Consumer
884,Customer_0884,customer0884@example.com,Pune,Maharashtra,2025-01-13,Consumer
885,Customer_0885,customer0885@example.com,Surat,Gujarat,2023-12-06,Consumer
886,Customer_0886,customer0886@example.com,Bhopal,Madhya Pradesh,2022-04-15,Consumer
887,Customer_0887,customer0887@example.com,Bengaluru,Karnataka,2024-02-06,SMB
888,Customer_0888,customer0888@example.com,Pune,Maharashtra,2022-11-12,Consumer
889,Customer_0889,customer0889@example.com,Hyderabad,Telangana,2023-02-22,Consumer
890,Customer_0890,customer0890@example.com,Delhi,Delhi,2026-02-05,SMB
891,Customer_0891,customer0891@example.com,Bengaluru,Karnataka,2025-04-24,Corporate
892,Customer_0892,customer0892@example.com,Bhopal,Madhya Pradesh,2022-08-17,Consumer
893,Customer_0893,customer0893@example.com,Jaipur,Rajasthan,2025-12-20,Consumer
894,Customer_0894,customer0894@example.com,Visakhapatnam,Andhra Pradesh,2024-09-05,Consumer
895,Customer_0895,customer0895@example.com,Bhopal,Madhya Pradesh,2026-01-29,Corporate
896,Customer_0896,customer0896@example.com,Nagpur,Maharashtra,2025-06-26,Consumer
897,Customer_0897,customer0897@example.com,Jaipur,Rajasthan,2023-08-01,Consumer
898,Customer_0898,customer0898@example.com,Bengaluru,Karnataka,2024-06-29,Consumer
899,Customer_0899,customer0899@example.com,Bengaluru,Karnataka,2024-06-23,Corporate
900,Customer_0900,customer0900@example.com,Nagpur,Maharashtra,2025-05-11,Consumer
901,Customer_0901,customer0901@example.com,Hyderabad,Telangana,2023-02-28,SMB
902,Customer_0902,customer0902@example.com,Hyderabad,Telangana,2023-07-22,Consumer
903,Customer_0903,customer0903@example.com,Chennai,Tamil Nadu,2023-02-21,Corporate
904,Customer_0904,customer0904@example.com,Patna,Bihar,2023-05-20,Consumer
905,Customer_0905,customer0905@example.com,Ahmedabad,Gujarat,2022-10-02,Consumer
906,Customer_0906,customer0906@example.com,Bhopal,Madhya Pradesh,2022-03-04,Consumer
907,Customer_0907,customer0907@example.com,Kolkata,West Bengal,2026-05-20,SMB
908,Customer_0908,customer0908@example.com,Pune,Maharashtra,2022-05-07,SMB
909,Customer_0909,customer0909@example.com,Gurugram,Haryana,2026-02-21,Consumer
910,Customer_0910,customer0910@example.com,Bengaluru,Karnataka,2022-01-06,Consumer
911,Customer_0911,customer0911@example.com,Kochi,Kerala,2025-08-16,Premium
912,Customer_0912,customer0912@example.com,Pune,Maharashtra,2023-07-14,Corporate
913,Customer_0913,customer0913@example.com,Gurugram,Haryana,2024-05-31,Consumer
914,Customer_0914,customer0914@example.com,Visakhapatnam,Andhra Pradesh,2023-04-26,Consumer
915,Customer_0915,customer0915@example.com,Indore,Madhya Pradesh,2024-04-15,Corporate
916,Customer_0916,customer0916@example.com,Ahmedabad,Gujarat,2024-02-09,SMB
917,Customer_0917,customer0917@example.com,Jaipur,Rajasthan,2024-06-21,Corporate
918,Customer_0918,customer0918@example.com,Kochi,Kerala,2023-11-01,Premium
919,Customer_0919,customer0919@example.com,Delhi,Delhi,2024-07-02,Corporate
920,Customer_0920,customer0920@example.com,Nagpur,Maharashtra,2025-11-06,Consumer
921,Customer_0921,customer0921@example.com,Patna,Bihar,2024-01-11,Consumer
922,Customer_0922,customer0922@example.com,Indore,Madhya Pradesh,2023-09-08,Consumer
923,Customer_0923,customer0923@example.com,Kolkata,West Bengal,2022-08-13,Consumer
924,Customer_0924,customer0924@example.com,Mumbai,Maharashtra,2023-09-05,Consumer
925,Customer_0925,customer0925@example.com,Chennai,Tamil Nadu,2022-08-03,Consumer
926,Customer_0926,customer0926@example.com,Bhubaneswar,Odisha,2022-11-07,SMB
927,Customer_0927,customer0927@example.com,Jaipur,Rajasthan,2026-06-10,Consumer
928,Customer_0928,customer0928@example.com,Noida,Uttar Pradesh,2022-06-02,Consumer
929,Customer_0929,customer0929@example.com,Kolkata,West Bengal,2024-03-31,Corporate
930,Customer_0930,customer0930@example.com,Indore,Madhya Pradesh,2025-11-21,Corporate
931,Customer_0931,customer0931@example.com,Jaipur,Rajasthan,2026-06-12,SMB
932,Customer_0932,customer0932@example.com,Lucknow,Uttar Pradesh,2022-09-07,SMB
933,Customer_0933,customer0933@example.com,Delhi,Delhi,2022-10-06,SMB
934,Customer_0934,customer0934@example.com,Nagpur,Maharashtra,2023-09-27,Consumer
935,Customer_0935,customer0935@example.com,Kolkata,West Bengal,2024-08-02,Consumer
936,Customer_0936,customer0936@example.com,Bhubaneswar,Odisha,2026-06-23,Corporate
937,Customer_0937,customer0937@example.com,Pune,Maharashtra,2022-12-20,Consumer
938,Customer_0938,customer0938@example.com,Mumbai,Maharashtra,2022-10-07,Consumer
939,Customer_0939,customer0939@example.com,Ahmedabad,Gujarat,2023-03-08,Consumer
940,Customer_0940,customer0940@example.com,Jaipur,Rajasthan,2026-01-28,Consumer
941,Customer_0941,customer0941@example.com,Lucknow,Uttar Pradesh,2022-02-21,Consumer
942,Customer_0942,customer0942@example.com,Kolkata,West Bengal,2023-10-10,Consumer
943,Customer_0943,customer0943@example.com,Bhubaneswar,Odisha,2022-07-22,SMB
944,Customer_0944,customer0944@example.com,Ahmedabad,Gujarat,2022-09-25,Premium
945,Customer_0945,customer0945@example.com,Mumbai,Maharashtra,2026-04-11,Consumer
946,Customer_0946,customer0946@example.com,Mumbai,Maharashtra,2022-01-03,Premium
947,Customer_0947,customer0947@example.com,Visakhapatnam,Andhra Pradesh,2023-07-02,Consumer
948,Customer_0948,customer0948@example.com,Mumbai,Maharashtra,2026-04-08,Premium
949,Customer_0949,customer0949@example.com,Bhubaneswar,Odisha,2024-11-01,Premium
950,Customer_0950,customer0950@example.com,Delhi,Delhi,2022-05-03,Consumer
951,Customer_0951,customer0951@example.com,Bengaluru,Karnataka,2024-03-02,SMB
952,Customer_0952,customer0952@example.com,Noida,Uttar Pradesh,2026-07-12,Premium
953,Customer_0953,customer0953@example.com,Nagpur,Maharashtra,2023-11-13,Premium
954,Customer_0954,customer0954@example.com,Kolkata,West Bengal,2024-06-19,Premium
955,Customer_0955,customer0955@example.com,Kochi,Kerala,2024-06-24,Corporate
956,Customer_0956,customer0956@example.com,Nagpur,Maharashtra,2025-01-29,Consumer
957,Customer_0957,customer0957@example.com,Kolkata,West Bengal,2022-11-15,SMB
958,Customer_0958,customer0958@example.com,Nagpur,Maharashtra,2025-11-30,Corporate
959,Customer_0959,customer0959@example.com,Visakhapatnam,Andhra Pradesh,2026-08-11,Corporate
960,Customer_0960,customer0960@example.com,Kolkata,West Bengal,2022-08-31,Consumer
961,Customer_0961,customer0961@example.com,Pune,Maharashtra,2025-10-25,Corporate
962,Customer_0962,customer0962@example.com,Kolkata,West Bengal,2025-10-23,Consumer
963,Customer_0963,customer0963@example.com,Surat,Gujarat,2025-06-16,SMB
964,Customer_0964,customer0964@example.com,Chennai,Tamil Nadu,2023-09-24,Consumer
965,Customer_0965,customer0965@example.com,Bhubaneswar,Odisha,2024-03-09,SMB
966,Customer_0966,customer0966@example.com,Indore,Madhya Pradesh,2025-11-30,SMB
967,Customer_0967,customer0967@example.com,Nagpur,Maharashtra,2022-09-18,Consumer
968,Customer_0968,customer0968@example.com,Noida,Uttar Pradesh,2025-11-12,Corporate
969,Customer_0969,customer0969@example.com,Bhubaneswar,Odisha,2026-04-17,Consumer
970,Customer_0970,customer0970@example.com,Hyderabad,Telangana,2025-03-07,Premium
971,Customer_0971,customer0971@example.com,Delhi,Delhi,2023-08-05,SMB
972,Customer_0972,customer0972@example.com,Kolkata,West Bengal,2024-08-10,Consumer
973,Customer_0973,customer0973@example.com,Ahmedabad,Gujarat,2022-03-27,Consumer
974,Customer_0974,customer0974@example.com,Ahmedabad,Gujarat,2026-05-06,Consumer
975,Customer_0975,customer0975@example.com,Mumbai,Maharashtra,2023-08-07,Consumer
976,Customer_0976,customer0976@example.com,Chennai,Tamil Nadu,2022-04-08,Premium
977,Customer_0977,customer0977@example.com,Bengaluru,Karnataka,2025-09-14,SMB
978,Customer_0978,customer0978@example.com,Indore,Madhya Pradesh,2025-01-24,Consumer
979,Customer_0979,customer0979@example.com,Gurugram,Haryana,2024-11-26,SMB
980,Customer_0980,customer0980@example.com,Indore,Madhya Pradesh,2022-04-03,Consumer
981,Customer_0981,customer0981@example.com,Indore,Madhya Pradesh,2025-07-02,SMB
982,Customer_0982,customer0982@example.com,Bhopal,Madhya Pradesh,2024-12-21,Consumer
983,Customer_0983,customer0983@example.com,Jaipur,Rajasthan,2025-09-13,Corporate
984,Customer_0984,customer0984@example.com,Nagpur,Maharashtra,2025-11-09,Premium
985,Customer_0985,customer0985@example.com,Indore,Madhya Pradesh,2022-12-27,Consumer
986,Customer_0986,customer0986@example.com,Lucknow,Uttar Pradesh,2022-12-25,SMB
987,Customer_0987,customer0987@example.com,Nagpur,Maharashtra,2026-04-23,Premium
988,Customer_0988,customer0988@example.com,Noida,Uttar Pradesh,2024-06-23,Consumer
989,Customer_0989,customer0989@example.com,Chennai,Tamil Nadu,2024-01-16,Consumer
990,Customer_0990,customer0990@example.com,Kochi,Kerala,2023-05-05,Corporate
991,Customer_0991,customer0991@example.com,Noida,Uttar Pradesh,2024-12-24,Consumer
992,Customer_0992,customer0992@example.com,Jaipur,Rajasthan,2025-07-07,Consumer
993,Customer_0993,customer0993@example.com,Pune,Maharashtra,2022-01-04,Consumer
994,Customer_0994,customer0994@example.com,Kolkata,West Bengal,2024-07-30,SMB
995,Customer_0995,customer0995@example.com,Jaipur,Rajasthan,2026-08-19,Consumer
996,Customer_0996,customer0996@example.com,Nagpur,Maharashtra,2023-04-23,Consumer
997,Customer_0997,customer0997@example.com,Jaipur,Rajasthan,2023-04-24,SMB
998,Customer_0998,customer0998@example.com,Gurugram,Haryana,2026-02-04,Corporate
999,Customer_0999,customer0999@example.com,Visakhapatnam,Andhra Pradesh,2022-04-16,SMB
1000,Customer_1000,customer1000@example.com,Jaipur,Rajasthan,2023-11-08,Consumer
