order_id,customer_id,customer_name,email,customer_segment,city,state,product_id,product_name,category,supplier,price,order_date,quantity,unit_price,total_amount,payment_method,order_status,store_id
13539,172,Customer_0172,customer0172@example.com,SMB,Bengaluru,Karnataka,96,Product_0096,Fashion,ABC Traders,805.15,2025-10-29,2,685.58,1371.16,Net Banking,Delivered,35
39507,324,Customer_0324,customer0324@example.com,SMB,Bhubaneswar,Odisha,28,Product_0028,Office Supplies,ABC Traders,1978.5,2025-10-29,1,2056.53,2056.53,Debit Card,Delivered,14
20997,351,Customer_0351,customer0351@example.com,Consumer,Jaipur,Rajasthan,26,Product_0026,Grocery,Prime Distributors,195.87,2025-10-29,6,191.58,1149.48,Credit Card,Processing,40
2529,420,Customer_0420,customer0420@example.com,Corporate,Jaipur,Rajasthan,119,Product_0119,Sports,Prime Distributors,730.74,2025-10-29,1,717.8,717.8,UPI,Shipped,43
32806,381,Customer_0381,customer0381@example.com,Corporate,Hyderabad,Telangana,179,Product_0179,Furniture,ABC Traders,76670.82,2025-10-29,3,74162.26,222486.78,UPI,Returned,12
15710,100,Customer_0100,customer0100@example.com,Consumer,Mumbai,Maharashtra,189,Product_0189,Furniture,National Suppliers,54311.62,2025-10-29,2,55690.73,111381.46,Wallet,Shipped,46
27540,778,Customer_0778,customer0778@example.com,Consumer,Mumbai,Maharashtra,171,Product_0171,Furniture,National Suppliers,29229.55,2025-10-29,2,26513.43,53026.86,UPI,Delivered,32
20454,829,Customer_0829,customer0829@example.com,Consumer,Patna,Bihar,182,Product_0182,Electronics,Prime Distributors,1482.49,2025-10-29,6,1428.22,8569.32,UPI,Delivered,4
11016,160,Customer_0160,customer0160@example.com,Corporate,Kochi,Kerala,77,Product_0077,Fashion,Smart Retail Supply,10366.05,2025-10-29,1,8936.48,8936.48,Credit Card,Shipped,17
43025,372,Customer_0372,customer0372@example.com,SMB,Lucknow,Uttar Pradesh,138,Product_0138,Grocery,ABC Traders,200.78,2025-10-29,10,206.76,2067.6,Debit Card,Cancelled,38
49909,502,Customer_0502,customer0502@example.com,Consumer,Lucknow,Uttar Pradesh,80,Product_0080,Fashion,Global Supply Co,2500.82,2025-10-29,1,2332.64,2332.64,Debit Card,Delivered,32
12605,344,Customer_0344,customer0344@example.com,Corporate,Jaipur,Rajasthan,175,Product_0175,Grocery,Global Supply Co,2184.1,2025-10-29,4,2083.71,8334.84,Credit Card,Delivered,2
14841,913,Customer_0913,customer0913@example.com,Consumer,Gurugram,Haryana,153,Product_0153,Home Appliances,National Suppliers,28394.38,2025-10-29,2,26695.33,53390.66,UPI,Delivered,38
32076,680,Customer_0680,customer0680@example.com,SMB,Bhubaneswar,Odisha,136,Product_0136,Sports,National Suppliers,5701.18,2025-10-29,1,4952.44,4952.44,UPI,Delivered,2
45279,131,Customer_0131,customer0131@example.com,Consumer,Indore,Madhya Pradesh,98,Product_0098,Electronics,Global Supply Co,58576.01,2025-10-29,1,59811.24,59811.24,UPI,Delivered,20
43646,327,Customer_0327,customer0327@example.com,Consumer,Chennai,Tamil Nadu,183,Product_0183,Office Supplies,National Suppliers,189.39,2025-10-29,3,180.4,541.2,Net Banking,Delivered,7
49219,596,Customer_0596,customer0596@example.com,Consumer,Surat,Gujarat,184,Product_0184,Furniture,Global Supply Co,69196.99,2025-10-29,2,60037.39,120074.78,Credit Card,Delivered,39
22176,25,Customer_0025,customer0025@example.com,Premium,Kochi,Kerala,194,Product_0194,Office Supplies,Global Supply Co,2974.17,2025-10-29,1,2761.27,2761.27,UPI,Delivered,2
44514,269,Customer_0269,customer0269@example.com,Premium,Nagpur,Maharashtra,62,Product_0062,Fashion,Metro Wholesale,1385.59,2025-10-29,1,1418.03,1418.03,UPI,Shipped,21
49263,513,Customer_0513,customer0513@example.com,SMB,Surat,Gujarat,120,Product_0120,Sports,Prime Distributors,1237.93,2025-10-29,1,1174.41,1174.41,UPI,Delivered,17
197,499,Customer_0499,customer0499@example.com,Corporate,Bhubaneswar,Odisha,89,Product_0089,Electronics,Smart Retail Supply,77787.96,2025-10-29,2,67304.94,134609.88,UPI,Shipped,1
36066,682,Customer_0682,customer0682@example.com,Consumer,Mumbai,Maharashtra,8,Product_0008,Furniture,ABC Traders,11613.26,2025-10-29,1,12102.14,12102.14,UPI,Delivered,48
5477,843,Customer_0843,customer0843@example.com,Consumer,Bhubaneswar,Odisha,136,Product_0136,Sports,National Suppliers,5701.18,2025-10-29,1,5174.37,5174.37,UPI,Returned,48
34988,417,Customer_0417,customer0417@example.com,SMB,Visakhapatnam,Andhra Pradesh,97,Product_0097,Furniture,ABC Traders,2925.02,2025-10-29,1,2932.7,2932.7,Credit Card,Delivered,1
11150,815,Customer_0815,customer0815@example.com,SMB,Kochi,Kerala,78,Product_0078,Sports,Prime Distributors,9813.87,2025-10-29,1,9714.16,9714.16,UPI,Delivered,34
4953,681,Customer_0681,customer0681@example.com,SMB,Bhopal,Madhya Pradesh,137,Product_0137,Office Supplies,Metro Wholesale,1724.85,2025-10-29,2,1711.87,3423.74,UPI,Delivered,32
36516,933,Customer_0933,customer0933@example.com,SMB,Delhi,Delhi,158,Product_0158,Mobile Accessories,ABC Traders,878.13,2025-10-29,1,808.7,808.7,UPI,Processing,34
8212,251,Customer_0251,customer0251@example.com,Consumer,Pune,Maharashtra,165,Product_0165,Home Appliances,ABC Traders,17999.64,2025-10-29,3,16439.42,49318.26,UPI,Returned,35
3589,520,Customer_0520,customer0520@example.com,Corporate,Indore,Madhya Pradesh,176,Product_0176,Mobile Accessories,ABC Traders,3070.28,2025-10-29,4,2716.33,10865.32,UPI,Delivered,41
24695,958,Customer_0958,customer0958@example.com,Corporate,Nagpur,Maharashtra,191,Product_0191,Electronics,ABC Traders,29248.99,2025-10-29,1,29813.44,29813.44,Debit Card,Processing,14
6868,232,Customer_0232,customer0232@example.com,Corporate,Patna,Bihar,8,Product_0008,Furniture,ABC Traders,11613.26,2025-10-29,1,11210.73,11210.73,Wallet,Delivered,12
43214,673,Customer_0673,customer0673@example.com,SMB,Nagpur,Maharashtra,69,Product_0069,Fashion,Metro Wholesale,7658.69,2025-10-29,2,7300.46,14600.92,Credit Card,Delivered,50
48401,688,Customer_0688,customer0688@example.com,Consumer,Indore,Madhya Pradesh,131,Product_0131,Office Supplies,Smart Retail Supply,2488.95,2025-10-29,2,2293.36,4586.72,Credit Card,Delivered,27
33739,48,Customer_0048,customer0048@example.com,Consumer,Patna,Bihar,86,Product_0086,Sports,National Suppliers,11522.1,2025-10-29,1,9897.23,9897.23,Net Banking,Delivered,15
25362,977,Customer_0977,customer0977@example.com,SMB,Bengaluru,Karnataka,8,Product_0008,Furniture,ABC Traders,11613.26,2025-10-29,1,12113.63,12113.63,Credit Card,Delivered,10
34092,83,Customer_0083,customer0083@example.com,Premium,Pune,Maharashtra,92,Product_0092,Sports,Smart Retail Supply,4787.52,2025-10-29,2,4595.33,9190.66,Debit Card,Delivered,39
24389,655,Customer_0655,customer0655@example.com,Consumer,Indore,Madhya Pradesh,28,Product_0028,Office Supplies,ABC Traders,1978.5,2025-10-29,10,1769.38,17693.8,Credit Card,Shipped,27
42270,93,Customer_0093,customer0093@example.com,Corporate,Surat,Gujarat,169,Product_0169,Furniture,Global Supply Co,42944.94,2025-10-29,4,41142.73,164570.92,Credit Card,Delivered,49
13138,476,Customer_0476,customer0476@example.com,Premium,Kochi,Kerala,49,Product_0049,Mobile Accessories,Prime Distributors,2739.44,2025-10-29,3,2772.44,8317.32,Credit Card,Shipped,45
1629,748,Customer_0748,customer0748@example.com,Consumer,Noida,Uttar Pradesh,75,Product_0075,Office Supplies,National Suppliers,1690.76,2025-10-29,2,1686.67,3373.34,UPI,Delivered,33
24711,276,Customer_0276,customer0276@example.com,Consumer,Ahmedabad,Gujarat,8,Product_0008,Furniture,ABC Traders,11613.26,2025-10-29,3,11241.95,33725.85,UPI,Delivered,1
43326,422,Customer_0422,customer0422@example.com,Consumer,Lucknow,Uttar Pradesh,185,Product_0185,Home Appliances,ABC Traders,64182.49,2025-10-29,4,62874.13,251496.52,Credit Card,Shipped,2
45587,814,Customer_0814,customer0814@example.com,Corporate,Delhi,Delhi,65,Product_0065,Mobile Accessories,Smart Retail Supply,3794.87,2025-10-29,2,3729.46,7458.92,Wallet,Shipped,8
31181,208,Customer_0208,customer0208@example.com,Consumer,Visakhapatnam,Andhra Pradesh,115,Product_0115,Home Appliances,Prime Distributors,12335.47,2025-10-29,10,11495.3,114953.0,Credit Card,Returned,34
37379,897,Customer_0897,customer0897@example.com,Consumer,Jaipur,Rajasthan,82,Product_0082,Office Supplies,ABC Traders,2126.14,2025-10-29,4,2050.3,8201.2,UPI,Delivered,18
41621,612,Customer_0612,customer0612@example.com,Consumer,Ahmedabad,Gujarat,102,Product_0102,Electronics,National Suppliers,39294.78,2025-10-29,3,36674.82,110024.46,UPI,Delivered,14
12292,907,Customer_0907,customer0907@example.com,SMB,Kolkata,West Bengal,58,Product_0058,Home Appliances,Global Supply Co,28576.51,2025-10-29,1,27484.0,27484.0,UPI,Cancelled,1
40900,614,Customer_0614,customer0614@example.com,Consumer,Gurugram,Haryana,147,Product_0147,Mobile Accessories,Prime Distributors,581.3,2025-10-29,4,507.96,2031.84,UPI,Delivered,16
15731,474,Customer_0474,customer0474@example.com,Corporate,Ahmedabad,Gujarat,17,Product_0017,Grocery,ABC Traders,2370.31,2025-10-29,2,2281.56,4563.12,Debit Card,Returned,31
40767,342,Customer_0342,customer0342@example.com,Corporate,Delhi,Delhi,7,Product_0007,Electronics,Metro Wholesale,13178.27,2025-10-29,3,13356.1,40068.3,UPI,Cancelled,3
37570,437,Customer_0437,customer0437@example.com,Premium,Indore,Madhya Pradesh,119,Product_0119,Sports,Prime Distributors,730.74,2025-10-29,8,732.26,5858.08,UPI,Processing,27
28358,330,Customer_0330,customer0330@example.com,Corporate,Indore,Madhya Pradesh,68,Product_0068,Electronics,National Suppliers,69653.46,2025-10-29,3,64563.74,193691.22,UPI,Processing,4
42756,266,Customer_0266,customer0266@example.com,Premium,Indore,Madhya Pradesh,111,Product_0111,Sports,ABC Traders,5924.08,2025-10-29,4,5173.45,20693.8,UPI,Processing,44
38255,765,Customer_0765,customer0765@example.com,Premium,Gurugram,Haryana,56,Product_0056,Home Appliances,Metro Wholesale,51836.31,2025-10-29,2,46943.75,93887.5,Net Banking,Shipped,36
42470,742,Customer_0742,customer0742@example.com,Premium,Kochi,Kerala,84,Product_0084,Furniture,National Suppliers,10688.51,2025-10-29,1,10635.51,10635.51,UPI,Delivered,11
37938,63,Customer_0063,customer0063@example.com,Consumer,Gurugram,Haryana,64,Product_0064,Fashion,Prime Distributors,1780.8,2025-10-29,1,1524.99,1524.99,Credit Card,Processing,37
16474,844,Customer_0844,customer0844@example.com,Corporate,Hyderabad,Telangana,81,Product_0081,Fashion,Prime Distributors,4266.58,2025-10-29,2,3658.11,7316.22,UPI,Shipped,37
4675,132,Customer_0132,customer0132@example.com,SMB,Indore,Madhya Pradesh,80,Product_0080,Fashion,Global Supply Co,2500.82,2025-10-29,1,2243.98,2243.98,Credit Card,Delivered,40
38658,957,Customer_0957,customer0957@example.com,SMB,Kolkata,West Bengal,200,Product_0200,Furniture,Prime Distributors,71823.7,2025-10-29,2,73407.37,146814.74,UPI,Delivered,1
19324,376,Customer_0376,customer0376@example.com,SMB,Bengaluru,Karnataka,143,Product_0143,Furniture,Metro Wholesale,65827.71,2025-10-29,1,64809.02,64809.02,Credit Card,Cancelled,35
26484,410,Customer_0410,customer0410@example.com,Premium,Hyderabad,Telangana,196,Product_0196,Sports,ABC Traders,3045.0,2025-10-29,1,2828.42,2828.42,UPI,Delivered,24
22463,943,Customer_0943,customer0943@example.com,SMB,Bhubaneswar,Odisha,100,Product_0100,Home Appliances,ABC Traders,49464.89,2025-10-29,1,43636.01,43636.01,Debit Card,Shipped,34
19972,251,Customer_0251,customer0251@example.com,Consumer,Pune,Maharashtra,41,Product_0041,Electronics,ABC Traders,30015.17,2025-10-29,8,26385.6,211084.8,Net Banking,Delivered,47
44772,175,Customer_0175,customer0175@example.com,Consumer,Lucknow,Uttar Pradesh,173,Product_0173,Furniture,Metro Wholesale,34441.63,2025-10-29,6,31431.22,188587.32,Debit Card,Delivered,48
44035,605,Customer_0605,customer0605@example.com,Premium,Surat,Gujarat,138,Product_0138,Grocery,ABC Traders,200.78,2025-10-29,1,178.46,178.46,Debit Card,Cancelled,35
20230,967,Customer_0967,customer0967@example.com,Consumer,Nagpur,Maharashtra,84,Product_0084,Furniture,National Suppliers,10688.51,2025-10-29,2,10100.56,20201.12,Net Banking,Delivered,32
22907,186,Customer_0186,customer0186@example.com,Premium,Kolkata,West Bengal,150,Product_0150,Sports,Metro Wholesale,12841.05,2025-10-29,1,10973.42,10973.42,Cash on Delivery,Processing,40
47050,476,Customer_0476,customer0476@example.com,Premium,Kochi,Kerala,131,Product_0131,Office Supplies,Smart Retail Supply,2488.95,2025-10-29,2,2554.94,5109.88,Credit Card,Cancelled,31
32836,713,Customer_0713,customer0713@example.com,Consumer,Bhopal,Madhya Pradesh,56,Product_0056,Home Appliances,Metro Wholesale,51836.31,2025-10-29,3,48825.4,146476.2,UPI,Delivered,41
28183,550,Customer_0550,customer0550@example.com,Consumer,Lucknow,Uttar Pradesh,191,Product_0191,Electronics,ABC Traders,29248.99,2025-10-29,1,28062.48,28062.48,Credit Card,Delivered,4
33538,318,Customer_0318,customer0318@example.com,SMB,Bhopal,Madhya Pradesh,186,Product_0186,Electronics,Prime Distributors,4354.52,2025-10-29,1,4330.77,4330.77,UPI,Shipped,9
12804,973,Customer_0973,customer0973@example.com,Consumer,Ahmedabad,Gujarat,123,Product_0123,Office Supplies,Prime Distributors,825.05,2025-10-29,1,721.97,721.97,UPI,Delivered,16
30908,138,Customer_0138,customer0138@example.com,Corporate,Hyderabad,Telangana,2,Product_0002,Fashion,Global Supply Co,2475.9,2025-10-29,2,2306.42,4612.84,UPI,Processing,39
41564,460,Customer_0460,customer0460@example.com,Corporate,Mumbai,Maharashtra,51,Product_0051,Fashion,Prime Distributors,4732.76,2025-10-29,1,4900.32,4900.32,UPI,Delivered,39
25471,57,Customer_0057,customer0057@example.com,Corporate,Jaipur,Rajasthan,76,Product_0076,Home Appliances,National Suppliers,14997.98,2025-10-29,1,12979.77,12979.77,Debit Card,Delivered,36
27570,524,Customer_0524,customer0524@example.com,Consumer,Surat,Gujarat,23,Product_0023,Home Appliances,Global Supply Co,58516.35,2025-10-29,8,53681.2,429449.6,Credit Card,Delivered,13
11112,426,Customer_0426,customer0426@example.com,Consumer,Pune,Maharashtra,185,Product_0185,Home Appliances,ABC Traders,64182.49,2025-10-29,2,55600.76,111201.52,UPI,Delivered,45
